-- --------------------------------------------------------
-- Host:                         192.168.10.10
-- Server version:               5.7.31-0ubuntu0.18.04.1 - (Ubuntu)
-- Server OS:                    Linux
-- HeidiSQL Version:             11.0.0.5919
-- --------------------------------------------------------

/*!40101 SET @OLD_CHARACTER_SET_CLIENT=@@CHARACTER_SET_CLIENT */;
/*!40101 SET NAMES utf8 */;
/*!50503 SET NAMES utf8mb4 */;
/*!40014 SET @OLD_FOREIGN_KEY_CHECKS=@@FOREIGN_KEY_CHECKS, FOREIGN_KEY_CHECKS=0 */;
/*!40101 SET @OLD_SQL_MODE=@@SQL_MODE, SQL_MODE='NO_AUTO_VALUE_ON_ZERO' */;


-- Dumping database structure for api
CREATE DATABASE IF NOT EXISTS `api` /*!40100 DEFAULT CHARACTER SET utf8mb4 COLLATE utf8mb4_unicode_ci */;
USE `api`;

-- Dumping structure for table api.failed_jobs
CREATE TABLE IF NOT EXISTS `failed_jobs` (
  `id` bigint(20) unsigned NOT NULL AUTO_INCREMENT,
  `uuid` varchar(255) COLLATE utf8mb4_unicode_ci NOT NULL,
  `connection` text COLLATE utf8mb4_unicode_ci NOT NULL,
  `queue` text COLLATE utf8mb4_unicode_ci NOT NULL,
  `payload` longtext COLLATE utf8mb4_unicode_ci NOT NULL,
  `exception` longtext COLLATE utf8mb4_unicode_ci NOT NULL,
  `failed_at` timestamp NOT NULL DEFAULT CURRENT_TIMESTAMP,
  PRIMARY KEY (`id`),
  UNIQUE KEY `failed_jobs_uuid_unique` (`uuid`)
) ENGINE=InnoDB DEFAULT CHARSET=utf8mb4 COLLATE=utf8mb4_unicode_ci;

-- Dumping data for table api.failed_jobs: ~0 rows (approximately)
/*!40000 ALTER TABLE `failed_jobs` DISABLE KEYS */;
/*!40000 ALTER TABLE `failed_jobs` ENABLE KEYS */;

-- Dumping structure for table api.migrations
CREATE TABLE IF NOT EXISTS `migrations` (
  `id` int(10) unsigned NOT NULL AUTO_INCREMENT,
  `migration` varchar(255) COLLATE utf8mb4_unicode_ci NOT NULL,
  `batch` int(11) NOT NULL,
  PRIMARY KEY (`id`)
) ENGINE=InnoDB AUTO_INCREMENT=38 DEFAULT CHARSET=utf8mb4 COLLATE=utf8mb4_unicode_ci;

-- Dumping data for table api.migrations: ~5 rows (approximately)
/*!40000 ALTER TABLE `migrations` DISABLE KEYS */;
INSERT INTO `migrations` (`id`, `migration`, `batch`) VALUES
	(33, '2014_10_12_000000_create_users_table', 1),
	(34, '2014_10_12_100000_create_password_resets_table', 1),
	(35, '2019_08_19_000000_create_failed_jobs_table', 1),
	(36, '2020_10_15_014238_create_products_table', 1),
	(37, '2020_10_15_014257_create_reviews_table', 1);
/*!40000 ALTER TABLE `migrations` ENABLE KEYS */;

-- Dumping structure for table api.password_resets
CREATE TABLE IF NOT EXISTS `password_resets` (
  `email` varchar(255) COLLATE utf8mb4_unicode_ci NOT NULL,
  `token` varchar(255) COLLATE utf8mb4_unicode_ci NOT NULL,
  `created_at` timestamp NULL DEFAULT NULL,
  KEY `password_resets_email_index` (`email`)
) ENGINE=InnoDB DEFAULT CHARSET=utf8mb4 COLLATE=utf8mb4_unicode_ci;

-- Dumping data for table api.password_resets: ~0 rows (approximately)
/*!40000 ALTER TABLE `password_resets` DISABLE KEYS */;
/*!40000 ALTER TABLE `password_resets` ENABLE KEYS */;

-- Dumping structure for table api.products
CREATE TABLE IF NOT EXISTS `products` (
  `id` bigint(20) unsigned NOT NULL AUTO_INCREMENT,
  `name` varchar(255) COLLATE utf8mb4_unicode_ci NOT NULL,
  `detail` text COLLATE utf8mb4_unicode_ci NOT NULL,
  `price` int(11) NOT NULL,
  `stock` int(11) NOT NULL,
  `discount` int(11) NOT NULL,
  `created_at` timestamp NULL DEFAULT NULL,
  `updated_at` timestamp NULL DEFAULT NULL,
  PRIMARY KEY (`id`)
) ENGINE=InnoDB AUTO_INCREMENT=51 DEFAULT CHARSET=utf8mb4 COLLATE=utf8mb4_unicode_ci;

-- Dumping data for table api.products: ~50 rows (approximately)
/*!40000 ALTER TABLE `products` DISABLE KEYS */;
INSERT INTO `products` (`id`, `name`, `detail`, `price`, `stock`, `discount`, `created_at`, `updated_at`) VALUES
	(1, 'deleniti', 'Quam voluptates voluptas accusantium iusto explicabo molestiae iusto. Accusamus maiores maxime vitae at reiciendis vero odit. Hic omnis nobis mollitia iusto praesentium officiis dolor magni. Iure quis harum rerum dignissimos voluptatem ipsum autem commodi.', 959, 1, 17, '2020-10-15 04:13:03', '2020-10-15 04:13:03'),
	(2, 'necessitatibus', 'Reprehenderit sint error voluptatibus animi aut. Architecto fugit quibusdam voluptatem non ut porro. Delectus voluptates aut ut placeat.', 475, 6, 26, '2020-10-15 04:13:03', '2020-10-15 04:13:03'),
	(3, 'dolor', 'Molestias ducimus sint aut nihil aut rem est. Excepturi ut dolorem ipsum vitae odio architecto commodi. Perferendis tempore dolores porro laboriosam ut.', 930, 9, 25, '2020-10-15 04:13:03', '2020-10-15 04:13:03'),
	(4, 'nihil', 'Nihil et saepe praesentium facilis. Et consequatur esse quod nostrum unde. Quibusdam est et aliquid et rerum quis ullam aut. Expedita sed autem ut id corrupti velit.', 268, 1, 16, '2020-10-15 04:13:03', '2020-10-15 04:13:03'),
	(5, 'id', 'Nobis et quaerat voluptatem et pariatur reiciendis. Ullam maxime fugit consectetur cumque sequi assumenda.', 430, 3, 4, '2020-10-15 04:13:03', '2020-10-15 04:13:03'),
	(6, 'doloremque', 'Qui itaque enim velit vel assumenda architecto fuga. Ea quam optio velit. Non enim quas et.', 849, 0, 19, '2020-10-15 04:13:03', '2020-10-15 04:13:03'),
	(7, 'ullam', 'Qui facere eum et. Illum id sed nisi officia ex. Quis eaque nobis explicabo harum debitis vitae nobis.', 183, 5, 24, '2020-10-15 04:13:03', '2020-10-15 04:13:03'),
	(8, 'vel', 'Quaerat illo sit autem expedita. Assumenda ut deleniti laboriosam non facere assumenda occaecati ut. Voluptatem laborum temporibus sequi mollitia molestias quod et dolores. Iusto et dolorum aut odio iste.', 310, 1, 17, '2020-10-15 04:13:03', '2020-10-15 04:13:03'),
	(9, 'minus', 'Consequatur natus perspiciatis placeat voluptatem. Sapiente reprehenderit mollitia facilis. Qui dolor rerum est fugiat doloribus. Ipsa eos eligendi ratione et perferendis maxime explicabo. Autem sed esse alias et numquam.', 789, 6, 4, '2020-10-15 04:13:03', '2020-10-15 04:13:03'),
	(10, 'vel', 'Nisi rem ut explicabo praesentium eos. Reiciendis officiis aut quaerat. Rerum qui id ducimus illum ex. Aspernatur soluta eaque tempore ipsa.', 349, 8, 29, '2020-10-15 04:13:03', '2020-10-15 04:13:03'),
	(11, 'unde', 'Perspiciatis ipsam cupiditate libero et qui facere id. Et ea voluptas at perspiciatis distinctio. Nostrum fuga esse voluptas ut dolores voluptatem earum.', 709, 8, 9, '2020-10-15 04:13:03', '2020-10-15 04:13:03'),
	(12, 'nobis', 'Excepturi esse itaque laborum esse. Ut magni aut magni provident et amet. Sed officia fuga expedita quis itaque officiis.', 877, 2, 2, '2020-10-15 04:13:03', '2020-10-15 04:13:03'),
	(13, 'et', 'Libero doloremque repudiandae enim et voluptas a. Eos ut voluptate molestias nostrum sit ut. Deserunt consequatur quibusdam doloremque placeat et magnam.', 654, 1, 13, '2020-10-15 04:13:03', '2020-10-15 04:13:03'),
	(14, 'culpa', 'Nesciunt non expedita facilis expedita voluptas aliquid excepturi. Quidem quaerat at iste voluptas. Tenetur minima non quia molestiae. Sit saepe laborum veniam repudiandae.', 657, 6, 4, '2020-10-15 04:13:03', '2020-10-15 04:13:03'),
	(15, 'ipsam', 'Quod eum in ea quia sunt qui quasi corrupti. Fugiat ut unde beatae. Nemo hic quod quod delectus sint nostrum amet. Veritatis nesciunt ad veniam consequatur ut blanditiis in ut.', 832, 9, 30, '2020-10-15 04:13:03', '2020-10-15 04:13:03'),
	(16, 'officiis', 'Fugiat quo fugiat asperiores magni rerum delectus optio. Natus vero vero sit omnis hic quo et est. Corporis voluptatem dolorum corrupti illum cupiditate.', 395, 8, 3, '2020-10-15 04:13:03', '2020-10-15 04:13:03'),
	(17, 'qui', 'Omnis earum non repellendus veniam. Voluptate vero qui ipsum cumque quibusdam explicabo. Qui quae veniam sunt dolor et porro. Numquam voluptas quaerat doloremque nihil temporibus non.', 514, 7, 3, '2020-10-15 04:13:03', '2020-10-15 04:13:03'),
	(18, 'nisi', 'Eveniet voluptatibus iusto est voluptatem aut. Ea rem dolore pariatur. Aperiam ab debitis illum magnam sed. Ut culpa velit aut voluptas ipsum officiis.', 822, 2, 22, '2020-10-15 04:13:03', '2020-10-15 04:13:03'),
	(19, 'consequatur', 'Aperiam saepe ex rerum unde. Explicabo culpa et necessitatibus magnam id voluptatem vel. Voluptatum cumque minima qui. Sunt omnis eius magnam. Sed dicta nobis ut sed sed omnis sapiente aut.', 739, 5, 16, '2020-10-15 04:13:03', '2020-10-15 04:13:03'),
	(20, 'esse', 'Repudiandae aliquid minima cupiditate consequatur enim minus. Rerum voluptatem aspernatur totam fugiat non voluptatem. Quae est odio qui explicabo aut ullam. Et optio praesentium odio neque perspiciatis exercitationem aspernatur.', 544, 9, 19, '2020-10-15 04:13:03', '2020-10-15 04:13:03'),
	(21, 'qui', 'Ex atque eveniet veritatis dolores in aliquid. Et est quo illo non ipsam quo facere. Velit temporibus ut necessitatibus cum suscipit.', 163, 3, 15, '2020-10-15 04:13:03', '2020-10-15 04:13:03'),
	(22, 'recusandae', 'Doloremque officia rerum quia vel sed vel. Et repellat non amet rerum itaque rerum. Eveniet vitae tenetur assumenda sit.', 153, 1, 2, '2020-10-15 04:13:03', '2020-10-15 04:13:03'),
	(23, 'commodi', 'Commodi iste facere dolorem ut ut. Nostrum assumenda laudantium labore consequatur sapiente eos voluptatem. Iusto quam sit sit quo molestiae placeat. Eum doloremque error labore sequi numquam perferendis.', 115, 3, 12, '2020-10-15 04:13:03', '2020-10-15 04:13:03'),
	(24, 'nihil', 'Occaecati sint omnis dolorem tempora quisquam non sint sed. Id voluptas tempora amet qui. Reiciendis fugiat exercitationem eum ut dolorem. Itaque temporibus nulla voluptatem.', 746, 8, 2, '2020-10-15 04:13:03', '2020-10-15 04:13:03'),
	(25, 'nesciunt', 'Aut sit error iure illum neque odit. Est officia ducimus laborum autem qui ut architecto. Rerum et unde ea perferendis voluptatem voluptates. Aut sunt ad quasi iusto.', 120, 1, 14, '2020-10-15 04:13:03', '2020-10-15 04:13:03'),
	(26, 'illo', 'Praesentium animi dolorem dolorum suscipit. Modi id reprehenderit eius eius ipsam excepturi. Culpa nesciunt placeat cupiditate. Quia occaecati et facere voluptas rerum hic voluptate quia.', 800, 2, 3, '2020-10-15 04:13:03', '2020-10-15 04:13:03'),
	(27, 'itaque', 'Pariatur rem est provident sunt. Illo alias rem ut id nihil. Maxime repellat quo ipsam aut id quia repellendus cupiditate. Consequatur vel minus hic hic voluptas. Eaque eveniet corrupti vel sed ipsam mollitia sint.', 665, 0, 19, '2020-10-15 04:13:03', '2020-10-15 04:13:03'),
	(28, 'excepturi', 'Quod non itaque est qui laboriosam aspernatur. In sed provident in sed aut. Eos maxime harum voluptas sint nemo non reiciendis. Ut qui et ut.', 715, 6, 17, '2020-10-15 04:13:03', '2020-10-15 04:13:03'),
	(29, 'et', 'Ipsam eum cumque ullam consequatur repudiandae. Quisquam asperiores et qui iste minima qui. In sint qui quis ex explicabo. Vel nulla labore rem ut animi esse.', 993, 3, 12, '2020-10-15 04:13:03', '2020-10-15 04:13:03'),
	(30, 'mollitia', 'Libero est suscipit sint sint tempore et. Est excepturi quos laudantium iure quo illum accusamus quidem. Voluptatem nam mollitia aut cupiditate eum eius assumenda voluptatem. Vero labore ut et praesentium error ullam.', 294, 1, 7, '2020-10-15 04:13:03', '2020-10-15 04:13:03'),
	(31, 'asperiores', 'Aut a ducimus ut nostrum. Iure totam laudantium maiores et sapiente praesentium magnam. Dolorem quia vitae quae ad. Dignissimos repellendus tempora ipsa fuga. Reprehenderit voluptas corrupti qui quibusdam.', 911, 7, 17, '2020-10-15 04:13:03', '2020-10-15 04:13:03'),
	(32, 'eos', 'Ut dolorem totam similique et ullam quis. Voluptatum harum recusandae mollitia aspernatur rerum. Perspiciatis commodi modi assumenda explicabo nam laborum. Eius ad ut quisquam dolores.', 979, 1, 29, '2020-10-15 04:13:03', '2020-10-15 04:13:03'),
	(33, 'ut', 'Vitae ex sunt assumenda ut et ut aut. Qui voluptatibus nemo provident aut eos repellat perferendis. Quia saepe minus dolor quis. Doloribus voluptatibus molestiae et voluptates a voluptatem.', 655, 0, 12, '2020-10-15 04:13:03', '2020-10-15 04:13:03'),
	(34, 'soluta', 'Mollitia eligendi ut deleniti voluptates ea quibusdam dolor aspernatur. Odit et praesentium quia voluptatum suscipit necessitatibus earum. Tenetur perferendis accusantium cupiditate veniam laborum.', 225, 5, 17, '2020-10-15 04:13:03', '2020-10-15 04:13:03'),
	(35, 'sunt', 'Iusto consequatur ratione dolores autem vel sunt. Architecto provident illo quia repellat. Iure et inventore rerum eius et molestiae cupiditate. Dicta rerum et velit ut incidunt sed.', 188, 8, 2, '2020-10-15 04:13:03', '2020-10-15 04:13:03'),
	(36, 'ut', 'Voluptatem eos totam eius numquam sint in eum. Quia amet atque nostrum reprehenderit. Sit autem inventore quis voluptas illo sunt. Porro perferendis cum consequuntur enim.', 474, 5, 30, '2020-10-15 04:13:04', '2020-10-15 04:13:04'),
	(37, 'repellendus', 'Sapiente possimus officiis et rerum quas itaque deserunt. Qui rem exercitationem at sequi.', 857, 6, 21, '2020-10-15 04:13:04', '2020-10-15 04:13:04'),
	(38, 'unde', 'Fugiat tempora non tenetur sunt non. A accusamus magnam dolor hic aut omnis amet. Placeat nihil et quas non ea illo et.', 529, 2, 3, '2020-10-15 04:13:04', '2020-10-15 04:13:04'),
	(39, 'ullam', 'Vel dolores ipsum recusandae. Illum mollitia assumenda possimus est minima velit neque nesciunt. Eum cumque optio alias et corrupti maiores molestias. Veniam expedita et temporibus itaque aliquam et.', 649, 6, 27, '2020-10-15 04:13:04', '2020-10-15 04:13:04'),
	(40, 'dolorem', 'Dolores sit aut dolores et eos cupiditate. Error quia sequi aut aut sed. Voluptas molestias sit aut officia vitae fugit quas voluptas. Ratione maxime est consequatur facilis veritatis.', 953, 8, 4, '2020-10-15 04:13:04', '2020-10-15 04:13:04'),
	(41, 'quibusdam', 'Ducimus error quia maxime eius. Non qui odit quaerat doloremque. Quis dolor praesentium dolorem cumque ut et quas.', 170, 2, 22, '2020-10-15 04:13:04', '2020-10-15 04:13:04'),
	(42, 'quod', 'Autem porro ut accusantium laudantium minima eos autem. Repellendus nesciunt itaque et nihil voluptas minima quia omnis. Saepe ut qui voluptas voluptates voluptas sunt. Quis aperiam rem illum consequuntur ea non omnis.', 528, 4, 5, '2020-10-15 04:13:04', '2020-10-15 04:13:04'),
	(43, 'deserunt', 'Rerum sunt enim et velit maxime. Aliquam aspernatur tempore adipisci nisi qui rerum facilis. Qui laudantium non nulla voluptatem voluptas perspiciatis.', 965, 2, 13, '2020-10-15 04:13:04', '2020-10-15 04:13:04'),
	(44, 'est', 'Aut maxime qui architecto veritatis. Ullam aliquam illo deserunt dolor totam. Ut voluptatem non accusantium omnis doloremque.', 484, 8, 28, '2020-10-15 04:13:04', '2020-10-15 04:13:04'),
	(45, 'dolor', 'Voluptatem in quasi vel eum deserunt rerum qui ut. Iste est qui accusamus. Omnis quia est et et quas labore. Nostrum laboriosam natus quisquam quia nobis non quis.', 898, 1, 12, '2020-10-15 04:13:04', '2020-10-15 04:13:04'),
	(46, 'voluptatum', 'Aut illum enim dolorem impedit molestias aliquid dolorem. Asperiores nobis odio neque cupiditate eum qui dolore omnis. Et quia quasi beatae voluptatum.', 631, 5, 4, '2020-10-15 04:13:04', '2020-10-15 04:13:04'),
	(47, 'occaecati', 'Aperiam pariatur suscipit tenetur sit minima. Libero nostrum illo esse facere nihil nobis. Alias iure consequatur non voluptates nostrum amet.', 708, 9, 9, '2020-10-15 04:13:04', '2020-10-15 04:13:04'),
	(48, 'est', 'Illum quisquam et sit quia ullam explicabo est aut. Est temporibus placeat amet voluptate omnis libero. Et eaque voluptatem sit temporibus magni. Labore cupiditate ea iure quisquam atque. Aut est cum error iure quo facilis a.', 871, 2, 27, '2020-10-15 04:13:04', '2020-10-15 04:13:04'),
	(49, 'ipsam', 'Exercitationem et repellat qui porro facere molestias voluptas voluptate. Minus sapiente vel consequuntur fuga. Suscipit facilis quod quibusdam est rem. Sed excepturi veniam architecto sint voluptates. Voluptatibus nisi maiores doloremque incidunt.', 104, 3, 30, '2020-10-15 04:13:04', '2020-10-15 04:13:04'),
	(50, 'nam', 'Possimus voluptate incidunt dicta natus. Rem eos in non ut mollitia expedita. Eos voluptatibus ratione delectus aut id qui rerum. Temporibus reiciendis praesentium consequatur facilis repellat.', 941, 1, 26, '2020-10-15 04:13:04', '2020-10-15 04:13:04');
/*!40000 ALTER TABLE `products` ENABLE KEYS */;

-- Dumping structure for table api.reviews
CREATE TABLE IF NOT EXISTS `reviews` (
  `id` bigint(20) unsigned NOT NULL AUTO_INCREMENT,
  `product_id` bigint(20) unsigned NOT NULL,
  `customer` varchar(255) COLLATE utf8mb4_unicode_ci NOT NULL,
  `review` text COLLATE utf8mb4_unicode_ci NOT NULL,
  `star` int(11) NOT NULL,
  `created_at` timestamp NULL DEFAULT NULL,
  `updated_at` timestamp NULL DEFAULT NULL,
  PRIMARY KEY (`id`),
  KEY `reviews_product_id_foreign` (`product_id`),
  CONSTRAINT `reviews_product_id_foreign` FOREIGN KEY (`product_id`) REFERENCES `products` (`id`)
) ENGINE=InnoDB AUTO_INCREMENT=301 DEFAULT CHARSET=utf8mb4 COLLATE=utf8mb4_unicode_ci;

-- Dumping data for table api.reviews: ~300 rows (approximately)
/*!40000 ALTER TABLE `reviews` DISABLE KEYS */;
INSERT INTO `reviews` (`id`, `product_id`, `customer`, `review`, `star`, `created_at`, `updated_at`) VALUES
	(1, 2, 'alias', 'Eveniet autem ut et sed officiis sed recusandae. Earum sequi ab aut est voluptatem non. Ea reiciendis aut facere sunt reprehenderit. Omnis a consequuntur omnis unde fugit.', 0, '2020-10-15 04:13:04', '2020-10-15 04:13:04'),
	(2, 28, 'nostrum', 'Est qui atque ratione amet quis et. Unde ipsam dignissimos nam sint aut omnis voluptatem. Nam est nisi nostrum possimus. Voluptas autem quod molestiae voluptatum dolores magni ipsa officia.', 5, '2020-10-15 04:13:04', '2020-10-15 04:13:04'),
	(3, 4, 'animi', 'Dolorem deleniti sit itaque reprehenderit qui. Esse minima sit qui est non magni rerum quis. Vero quisquam quo ad voluptas.', 0, '2020-10-15 04:13:04', '2020-10-15 04:13:04'),
	(4, 25, 'laudantium', 'Placeat consequatur aut dolor nemo assumenda iste. Ipsum id accusamus non delectus hic. Nihil assumenda culpa totam dolor consequatur repudiandae commodi. Nam voluptates omnis suscipit distinctio error.', 0, '2020-10-15 04:13:04', '2020-10-15 04:13:04'),
	(5, 22, 'odit', 'Qui odit voluptatem animi dolorem enim. Odio officiis quia aliquid repudiandae eum. Quae rerum optio impedit. Nobis a sint error placeat voluptas.', 3, '2020-10-15 04:13:04', '2020-10-15 04:13:04'),
	(6, 32, 'laboriosam', 'In animi aut dolore itaque. Voluptas qui eos molestias officia. Cumque et rerum velit perferendis. Recusandae mollitia iste error repudiandae et unde. Officiis aut quae hic molestias placeat molestiae aperiam sint.', 5, '2020-10-15 04:13:04', '2020-10-15 04:13:04'),
	(7, 22, 'labore', 'Labore inventore aut quis excepturi. Ex sit tempora sed dicta cumque quis ipsa. Aspernatur illo enim saepe rerum nam animi et. Odit velit itaque sunt.', 5, '2020-10-15 04:13:05', '2020-10-15 04:13:05'),
	(8, 7, 'architecto', 'Enim vel repellendus temporibus nesciunt amet omnis. Esse dolor perferendis rerum beatae cum error. Quia id necessitatibus ipsum quisquam soluta eum voluptatem. Ea tempore dicta sed eum.', 5, '2020-10-15 04:13:05', '2020-10-15 04:13:05'),
	(9, 17, 'deleniti', 'Aut saepe quia temporibus velit. Possimus est magni explicabo ut est. Amet ad dolores laboriosam nihil. Itaque nesciunt id quibusdam doloribus autem ratione omnis. Aperiam non magni aut accusantium minima.', 3, '2020-10-15 04:13:05', '2020-10-15 04:13:05'),
	(10, 38, 'qui', 'Minus deserunt velit est ducimus beatae voluptate. Quia libero perferendis ab tempora est provident. Qui earum eligendi pariatur quod at ut vero rem. Aliquid at et iste ut aut natus.', 1, '2020-10-15 04:13:05', '2020-10-15 04:13:05'),
	(11, 43, 'dolor', 'Qui similique consectetur possimus perspiciatis officiis in. Ut voluptas maxime voluptatum placeat voluptatem. Perspiciatis necessitatibus est placeat et eligendi eos ullam. Quae consectetur deleniti nam inventore nobis. Repudiandae sit sint dolores natus iste quae sit.', 3, '2020-10-15 04:13:05', '2020-10-15 04:13:05'),
	(12, 45, 'est', 'Quos ducimus sit et qui et voluptatem ducimus voluptas. Quibusdam omnis eveniet quidem. In repudiandae delectus quisquam qui voluptas.', 0, '2020-10-15 04:13:05', '2020-10-15 04:13:05'),
	(13, 10, 'voluptatem', 'Velit a soluta at debitis facilis nostrum temporibus. Exercitationem repellendus sint cum pariatur mollitia expedita. Iure assumenda provident excepturi sed quam aperiam.', 4, '2020-10-15 04:13:05', '2020-10-15 04:13:05'),
	(14, 42, 'doloribus', 'Doloribus architecto ea aliquam nihil impedit est. Quasi fuga sit qui ut aperiam corrupti. Et aut deleniti eveniet deleniti aut. Et voluptate cum occaecati voluptas laborum nostrum excepturi qui.', 5, '2020-10-15 04:13:05', '2020-10-15 04:13:05'),
	(15, 6, 'dolores', 'Maxime qui nisi minima nisi cum et. Eius quasi nesciunt consectetur aut et dignissimos. Placeat nam quos doloribus incidunt.', 0, '2020-10-15 04:13:05', '2020-10-15 04:13:05'),
	(16, 21, 'quidem', 'Minima occaecati omnis ad molestiae unde voluptatibus. Delectus est et explicabo earum culpa iusto officia. Ut vel consectetur in error veniam culpa quam.', 3, '2020-10-15 04:13:05', '2020-10-15 04:13:05'),
	(17, 18, 'ea', 'Voluptatum eius voluptatem alias impedit molestiae atque officia et. Omnis sit fuga ratione excepturi earum. Voluptas minima et dolorum molestiae et saepe. Fugit soluta ipsum occaecati doloremque eaque repudiandae.', 4, '2020-10-15 04:13:05', '2020-10-15 04:13:05'),
	(18, 18, 'et', 'Ut est quidem pariatur eos et rerum. Aliquid porro ex sit laudantium. Rerum aliquid dolor voluptas voluptas debitis.', 0, '2020-10-15 04:13:05', '2020-10-15 04:13:05'),
	(19, 42, 'dolores', 'Aut ex magni dolor quis voluptatem eos magnam. Dolores laudantium est natus. Numquam quaerat velit excepturi soluta et et dolore sint. Voluptatem rerum voluptate itaque consequatur debitis ratione.', 2, '2020-10-15 04:13:05', '2020-10-15 04:13:05'),
	(20, 24, 'omnis', 'Rerum voluptatem praesentium voluptas dolor dolore in optio. Minima sunt aut accusamus distinctio perferendis. Quos tenetur commodi quis possimus dolor et id. Quam ullam molestias minima repudiandae. Animi mollitia quis saepe officiis quis deleniti molestias.', 3, '2020-10-15 04:13:05', '2020-10-15 04:13:05'),
	(21, 39, 'ut', 'Rerum voluptatum qui rerum. Molestiae sed rem assumenda sunt asperiores error. Officia autem magnam deserunt. Rerum accusantium et exercitationem eaque aut.', 1, '2020-10-15 04:13:05', '2020-10-15 04:13:05'),
	(22, 14, 'modi', 'Animi ab itaque et odit sunt. Aut unde consequatur corporis ut earum. Nihil est ducimus assumenda et dolor provident vel necessitatibus. Minima quod nesciunt eveniet.', 5, '2020-10-15 04:13:05', '2020-10-15 04:13:05'),
	(23, 18, 'itaque', 'Vero perspiciatis dolorum rerum voluptatem ea modi. Quia nisi et nulla blanditiis minus. Rerum nulla est non id natus quae. Ad voluptas tempora ea ab et aperiam et sequi.', 4, '2020-10-15 04:13:05', '2020-10-15 04:13:05'),
	(24, 37, 'quidem', 'Quisquam eum ut rerum optio autem. Aut totam nobis et cumque iste aut vitae. Odit aliquam odit accusamus dolores est. Quia quidem temporibus ut unde libero fugit nostrum.', 3, '2020-10-15 04:13:05', '2020-10-15 04:13:05'),
	(25, 15, 'facere', 'Doloribus sint maiores sit quisquam qui eaque laborum. Et ut tempora praesentium est provident qui quo. Est et iste id id laudantium assumenda. Sint id non et voluptatem sint.', 1, '2020-10-15 04:13:05', '2020-10-15 04:13:05'),
	(26, 40, 'nostrum', 'Provident voluptatem velit rerum expedita cum. Excepturi enim blanditiis qui eius soluta consequuntur. Corrupti quibusdam rerum saepe quidem velit placeat optio.', 2, '2020-10-15 04:13:05', '2020-10-15 04:13:05'),
	(27, 20, 'rerum', 'Occaecati quia necessitatibus magni necessitatibus quas omnis. Officiis officia rerum dolorem non est quae. Qui quasi ea nisi maiores amet voluptatum. Modi eum ullam reprehenderit qui aliquid perferendis laudantium. Et quod nihil dicta illo.', 4, '2020-10-15 04:13:05', '2020-10-15 04:13:05'),
	(28, 12, 'qui', 'Quisquam odio ea rerum aut non voluptas. Ratione rerum optio dolorem quia praesentium. Eligendi perferendis nam iste voluptatibus minima perferendis.', 3, '2020-10-15 04:13:05', '2020-10-15 04:13:05'),
	(29, 17, 'nemo', 'Aut quo excepturi hic ullam debitis officiis sint. Eos nobis tempore distinctio tempora quia. Qui esse quos dolores quia ut corporis illum ipsum.', 4, '2020-10-15 04:13:05', '2020-10-15 04:13:05'),
	(30, 45, 'sapiente', 'Ut quae amet numquam ipsa. Mollitia at aperiam ratione itaque atque. Provident dolorem et est nesciunt asperiores nobis in. Aut adipisci et vitae non.', 1, '2020-10-15 04:13:05', '2020-10-15 04:13:05'),
	(31, 35, 'quod', 'Dolorem sequi ab ea voluptatem. Explicabo iusto occaecati ut non veritatis. Sunt quo qui sunt saepe.', 1, '2020-10-15 04:13:05', '2020-10-15 04:13:05'),
	(32, 21, 'dolores', 'Debitis quam accusamus voluptates ad. Voluptatibus fuga ipsa ad velit qui distinctio at. Provident consequatur beatae earum qui eligendi. Maxime non corporis et pariatur quo.', 0, '2020-10-15 04:13:05', '2020-10-15 04:13:05'),
	(33, 15, 'delectus', 'Laudantium et quis illo voluptatibus. Quae numquam laudantium aliquam fuga. Neque aut debitis sed sunt quod ratione et. Velit non enim quam eos ut quidem.', 3, '2020-10-15 04:13:05', '2020-10-15 04:13:05'),
	(34, 5, 'et', 'Sunt illum quisquam cumque velit repellendus. Quia placeat sed optio quisquam molestiae possimus. Omnis similique quas sint. Earum nobis dolorem sunt voluptas totam repellat.', 1, '2020-10-15 04:13:05', '2020-10-15 04:13:05'),
	(35, 25, 'natus', 'Maiores reprehenderit quaerat aut error ipsa. Repudiandae sit omnis asperiores minus et esse cupiditate doloribus. Non recusandae qui dolor odit. Culpa fuga alias explicabo consequatur illum.', 1, '2020-10-15 04:13:05', '2020-10-15 04:13:05'),
	(36, 22, 'laudantium', 'Tempore et consectetur consequuntur illo dolores in. Corporis aperiam minima et repellendus sint minima. Ut sit quasi sint.', 2, '2020-10-15 04:13:05', '2020-10-15 04:13:05'),
	(37, 37, 'qui', 'Velit modi occaecati nostrum. Consequatur sit aspernatur quia necessitatibus debitis voluptas nemo. Eum occaecati beatae iusto ex sunt illum ea.', 1, '2020-10-15 04:13:05', '2020-10-15 04:13:05'),
	(38, 5, 'qui', 'Et inventore doloribus quia. Quas eius explicabo quod similique sit ex. Incidunt non illo incidunt rem tempora.', 2, '2020-10-15 04:13:05', '2020-10-15 04:13:05'),
	(39, 26, 'aut', 'Rerum id eius asperiores. Culpa accusantium quidem nesciunt dolor laborum. Tempore velit eum in qui sed eaque.', 2, '2020-10-15 04:13:05', '2020-10-15 04:13:05'),
	(40, 33, 'labore', 'Ipsum a voluptatem beatae laudantium deserunt sunt. Voluptate est quae voluptas soluta possimus iusto tenetur. Ipsam modi molestiae aliquam labore illo sapiente facilis. Repudiandae quia qui debitis corrupti quibusdam culpa sit.', 0, '2020-10-15 04:13:05', '2020-10-15 04:13:05'),
	(41, 22, 'incidunt', 'Numquam dolor fuga molestiae dolores atque fugit aspernatur. Amet reiciendis sunt inventore consequatur aut autem repellendus. Doloremque odio quidem maxime optio ea eaque ut quasi. Atque dolorum quae rerum vel magnam.', 4, '2020-10-15 04:13:05', '2020-10-15 04:13:05'),
	(42, 45, 'doloremque', 'Neque provident et labore quis ipsa tempore. Dolor assumenda voluptatem voluptate expedita qui. Qui nam incidunt tempora velit debitis. Accusamus et et eum et quaerat deleniti voluptatem. Aut voluptatem modi ipsa aut.', 2, '2020-10-15 04:13:05', '2020-10-15 04:13:05'),
	(43, 35, 'voluptas', 'Ea nostrum labore earum dolore voluptatum quidem. Labore et qui voluptates error. Ipsam unde quia facilis animi ex deserunt velit eum. Labore aut est est dolores dolor eum.', 2, '2020-10-15 04:13:05', '2020-10-15 04:13:05'),
	(44, 47, 'id', 'Quidem architecto eligendi vel incidunt. Commodi quas consequatur esse temporibus. Voluptates cum non distinctio voluptas distinctio hic corrupti.', 4, '2020-10-15 04:13:05', '2020-10-15 04:13:05'),
	(45, 21, 'et', 'Dolorem sed sapiente qui ut. Nemo ut quidem minima repellendus nam. Iusto minus deserunt quo sit inventore et.', 5, '2020-10-15 04:13:05', '2020-10-15 04:13:05'),
	(46, 31, 'alias', 'Eos ducimus nam reiciendis facilis aliquid consequuntur. Repellendus aut aut aspernatur voluptatem dolores deserunt dolores. Est sed impedit amet pariatur autem.', 4, '2020-10-15 04:13:05', '2020-10-15 04:13:05'),
	(47, 50, 'ad', 'Quidem ipsam ducimus numquam quisquam officiis aliquid ex. Consequatur est esse possimus ea sed blanditiis fuga et. Dicta voluptate laudantium dicta est in vitae recusandae. Et assumenda aliquid est quis a est.', 5, '2020-10-15 04:13:05', '2020-10-15 04:13:05'),
	(48, 38, 'debitis', 'Enim voluptas autem fuga itaque expedita voluptatum. Voluptatem voluptas voluptatum quia quidem qui voluptatem fugiat. Nihil et blanditiis enim sit aliquam illum. Quia nostrum eum ducimus accusantium.', 2, '2020-10-15 04:13:05', '2020-10-15 04:13:05'),
	(49, 20, 'quis', 'Nobis fuga et qui aperiam fuga explicabo. Rerum perferendis saepe ducimus distinctio. Voluptatem cupiditate incidunt nam ex. Est ut ea et reiciendis.', 0, '2020-10-15 04:13:05', '2020-10-15 04:13:05'),
	(50, 12, 'eos', 'Vel inventore quos velit. Alias nam nostrum nihil qui expedita. Non debitis magni quisquam eum voluptatibus magni.', 3, '2020-10-15 04:13:05', '2020-10-15 04:13:05'),
	(51, 12, 'aperiam', 'Velit recusandae veniam excepturi ullam est aspernatur consequatur. Vitae sed aut quod ullam quaerat asperiores vitae dolores. Neque architecto voluptatem recusandae autem repellendus voluptatem. Deserunt ex itaque voluptatibus fuga repellat.', 5, '2020-10-15 04:13:05', '2020-10-15 04:13:05'),
	(52, 27, 'modi', 'Nemo porro repellendus dolores. Dolorem quod natus rerum non quia distinctio. Tempore ut illo in sit. Eius consequatur exercitationem voluptas voluptas.', 5, '2020-10-15 04:13:05', '2020-10-15 04:13:05'),
	(53, 39, 'occaecati', 'Labore et eligendi sit amet ut rerum. Dolor non fuga dignissimos praesentium. Ipsam molestias accusamus et quibusdam.', 4, '2020-10-15 04:13:05', '2020-10-15 04:13:05'),
	(54, 15, 'eveniet', 'Repellendus molestias neque quia provident tempora aperiam corrupti. Vel explicabo ut officiis molestiae error asperiores ut qui. Ipsum consectetur minus voluptatem sed eos amet inventore. Quis rerum in modi dicta laudantium fugiat sint.', 0, '2020-10-15 04:13:05', '2020-10-15 04:13:05'),
	(55, 42, 'sunt', 'Dolorem occaecati omnis soluta quo. Nobis recusandae est maiores aliquam pariatur. Quam repellat dicta odio eius qui veniam. Adipisci omnis corrupti et dolor.', 4, '2020-10-15 04:13:05', '2020-10-15 04:13:05'),
	(56, 3, 'consequuntur', 'Cumque accusantium est atque vitae veritatis in neque. Quas et porro et corrupti. Occaecati et impedit corrupti voluptatem dolorum eum.', 2, '2020-10-15 04:13:05', '2020-10-15 04:13:05'),
	(57, 44, 'iusto', 'Aliquid alias voluptatibus aut cumque. Pariatur assumenda libero nihil doloribus sint mollitia delectus. Placeat sint unde aut est ut accusamus.', 1, '2020-10-15 04:13:05', '2020-10-15 04:13:05'),
	(58, 49, 'officiis', 'Voluptatem sequi explicabo et harum. Voluptas et vel quam. Veniam explicabo molestiae quod nisi aut recusandae.', 3, '2020-10-15 04:13:05', '2020-10-15 04:13:05'),
	(59, 42, 'expedita', 'Molestiae error ab nemo quisquam dolorem. Rerum dolor quia dolorum aut aliquid est nisi unde. Corrupti molestiae consequatur labore doloremque voluptates commodi. Non vel ex in magnam enim omnis autem quod.', 0, '2020-10-15 04:13:05', '2020-10-15 04:13:05'),
	(60, 38, 'reiciendis', 'Consequatur quis nihil sed fugiat velit et. Libero repellat tenetur reprehenderit blanditiis. Voluptas ab consequatur magni ipsum esse id molestiae. Nihil repellat porro nihil aut numquam aut at.', 3, '2020-10-15 04:13:05', '2020-10-15 04:13:05'),
	(61, 32, 'et', 'Ullam qui tenetur ut suscipit quibusdam inventore. Unde aperiam pariatur voluptatem accusantium eos et nisi officiis. Beatae expedita atque inventore et quis.', 2, '2020-10-15 04:13:05', '2020-10-15 04:13:05'),
	(62, 11, 'adipisci', 'Sit veritatis nisi expedita optio. Qui mollitia qui aperiam exercitationem quidem quisquam vero. Placeat tenetur aperiam et.', 4, '2020-10-15 04:13:05', '2020-10-15 04:13:05'),
	(63, 7, 'omnis', 'Repudiandae velit eius est ut pariatur ut asperiores. Et veritatis sequi eaque magnam excepturi labore. Qui eveniet reprehenderit consectetur reprehenderit mollitia. Quidem et dolorum sit cumque molestiae est.', 2, '2020-10-15 04:13:05', '2020-10-15 04:13:05'),
	(64, 38, 'laudantium', 'Amet corporis repudiandae totam molestiae repellendus dolor. Incidunt fugiat ab eius autem quaerat fugit. Eum deleniti eius neque asperiores. In ut beatae enim unde non sapiente earum.', 3, '2020-10-15 04:13:05', '2020-10-15 04:13:05'),
	(65, 36, 'quaerat', 'Recusandae qui minima quo assumenda est. Nobis dolorem magnam temporibus ea. Quas quaerat ut nisi quo quis quis cumque. Magnam voluptatem corrupti enim soluta et est alias.', 0, '2020-10-15 04:13:05', '2020-10-15 04:13:05'),
	(66, 11, 'voluptatem', 'Error omnis quibusdam deserunt ea. Provident quisquam saepe quisquam et. Earum qui quia et dolor eaque placeat cumque. Aut eos autem voluptas.', 5, '2020-10-15 04:13:05', '2020-10-15 04:13:05'),
	(67, 13, 'reiciendis', 'Repellat et maxime exercitationem quaerat aut totam aperiam. Facilis temporibus qui at sequi. Reprehenderit qui autem quia modi mollitia.', 4, '2020-10-15 04:13:05', '2020-10-15 04:13:05'),
	(68, 25, 'minus', 'Ut praesentium fugiat hic earum. Quo explicabo sed consequuntur et dolor nostrum. Id sapiente animi deleniti dolorem tenetur harum omnis.', 2, '2020-10-15 04:13:05', '2020-10-15 04:13:05'),
	(69, 41, 'corrupti', 'Modi aliquid dignissimos consequatur blanditiis quod corporis. Adipisci eius molestiae eum nihil molestiae. Autem soluta non consequuntur asperiores ipsum. Consequatur veritatis et mollitia.', 0, '2020-10-15 04:13:05', '2020-10-15 04:13:05'),
	(70, 5, 'deleniti', 'Sed expedita nesciunt consectetur quas. Qui aliquid voluptas libero optio autem nihil. Rem minima porro vitae saepe deleniti quia et. Tempora nobis nostrum sit cupiditate et qui.', 0, '2020-10-15 04:13:05', '2020-10-15 04:13:05'),
	(71, 42, 'eum', 'Saepe tempore rerum magnam alias nihil. Velit atque excepturi sunt ut quasi et. Voluptatem commodi placeat ut et repellat.', 3, '2020-10-15 04:13:05', '2020-10-15 04:13:05'),
	(72, 24, 'cupiditate', 'Aperiam aliquid ducimus dolores non inventore tempora rerum. Accusamus explicabo sint reprehenderit cupiditate officiis ipsa. Aliquam autem labore accusantium quo quia possimus repudiandae.', 3, '2020-10-15 04:13:05', '2020-10-15 04:13:05'),
	(73, 24, 'quibusdam', 'Mollitia voluptate aperiam quaerat vel tenetur illum cum. Error deserunt est architecto quis commodi temporibus. Atque dignissimos aut ea repudiandae facilis voluptate tenetur.', 3, '2020-10-15 04:13:05', '2020-10-15 04:13:05'),
	(74, 11, 'corrupti', 'Dolor magni alias omnis ullam iusto. Dolor cumque doloribus voluptatem quam temporibus quod sit alias. Sint officia est numquam commodi minus. Aut aspernatur nisi est dolor omnis repudiandae.', 5, '2020-10-15 04:13:05', '2020-10-15 04:13:05'),
	(75, 26, 'tempora', 'Qui expedita quas quibusdam amet. Debitis corporis sint laborum ipsa. Rem corrupti debitis iure in.', 2, '2020-10-15 04:13:05', '2020-10-15 04:13:05'),
	(76, 11, 'et', 'Odit ipsum delectus dolores hic nihil. Molestiae accusantium distinctio rem dolores dolores dolorem. Qui ducimus ut reprehenderit sint in enim. In odio sequi qui delectus ut voluptatem natus.', 1, '2020-10-15 04:13:05', '2020-10-15 04:13:05'),
	(77, 6, 'ad', 'Rem deserunt quod et. Eos expedita hic consectetur aliquid eos eius. Et sequi sit itaque magni minima. Labore rem consequatur ad quam. In dolores est rerum cum iusto ad.', 1, '2020-10-15 04:13:05', '2020-10-15 04:13:05'),
	(78, 50, 'nisi', 'Vero consequuntur aut vel dicta nobis qui architecto. In modi quas sapiente vitae consequuntur veniam. Nihil alias soluta quibusdam distinctio.', 0, '2020-10-15 04:13:05', '2020-10-15 04:13:05'),
	(79, 41, 'saepe', 'Voluptatem iste iusto qui error voluptas natus fugit. Veniam inventore sunt eos accusantium voluptatem odio aspernatur. Labore magni ut eveniet ad beatae vero tempora veritatis. Dolorem quasi non facilis alias similique.', 3, '2020-10-15 04:13:05', '2020-10-15 04:13:05'),
	(80, 50, 'quis', 'Sunt dolores voluptate voluptates quasi beatae. Odit aliquam sint rerum saepe consequuntur aut. Odit pariatur nihil necessitatibus et repudiandae accusantium error.', 3, '2020-10-15 04:13:05', '2020-10-15 04:13:05'),
	(81, 11, 'dicta', 'Possimus numquam est placeat nihil a quos aliquid facere. Voluptates sit ducimus nihil qui distinctio reiciendis labore. Sunt ullam est aspernatur hic dolor molestias ut. Et rerum commodi quis quaerat ullam.', 2, '2020-10-15 04:13:05', '2020-10-15 04:13:05'),
	(82, 30, 'expedita', 'Dolor et nihil voluptas nesciunt qui. Aut autem ex quod. Ut ut voluptatem quo sit qui quis.', 2, '2020-10-15 04:13:05', '2020-10-15 04:13:05'),
	(83, 1, 'corporis', 'Vero consectetur ut occaecati earum minima non itaque. Dolor ducimus vero ut occaecati consequatur velit. Beatae corporis quos placeat praesentium.', 5, '2020-10-15 04:13:05', '2020-10-15 04:13:05'),
	(84, 23, 'adipisci', 'Illum molestiae amet dolorum similique in quas. Neque dolorem suscipit dolor exercitationem. Esse rerum qui dolor molestias omnis.', 4, '2020-10-15 04:13:05', '2020-10-15 04:13:05'),
	(85, 41, 'dolores', 'Cum numquam magni sed optio eum ut. In sed cumque nemo nobis amet nihil. Dolores ea eos maiores natus sint voluptas. Quod deserunt non voluptatum.', 3, '2020-10-15 04:13:05', '2020-10-15 04:13:05'),
	(86, 46, 'culpa', 'Molestiae placeat et laboriosam corrupti eius. Sed quidem dolorem quam. Temporibus ducimus nemo est. Nulla pariatur consequatur fugit recusandae dicta sint consequatur.', 2, '2020-10-15 04:13:05', '2020-10-15 04:13:05'),
	(87, 29, 'sit', 'Assumenda iure ex eveniet distinctio laboriosam ut cupiditate. Suscipit quae dolorem quia laudantium. Minima omnis facilis tempora accusamus laboriosam et dignissimos fugit. Fugiat ab sunt pariatur consequuntur atque ex pariatur nostrum.', 0, '2020-10-15 04:13:05', '2020-10-15 04:13:05'),
	(88, 25, 'quia', 'Qui quasi dolores ipsam dolorem quaerat est. Blanditiis a architecto possimus quia eum dicta quos. Maxime voluptatem ipsum sed ipsam voluptatem repellat.', 4, '2020-10-15 04:13:05', '2020-10-15 04:13:05'),
	(89, 34, 'dolores', 'Dolore qui dolor cumque soluta non ex et. Eius aperiam rerum vitae recusandae cumque laborum. Molestiae facilis molestias aperiam quia vitae fugiat sed. Necessitatibus et laboriosam expedita consequuntur consequatur quod.', 0, '2020-10-15 04:13:05', '2020-10-15 04:13:05'),
	(90, 23, 'ea', 'Facilis aut voluptatem qui maiores dolorem et deserunt. Iusto sed voluptatum minima tempora minus nisi nobis. Iusto dolor et autem quod ipsa eaque qui. Corporis molestiae et ducimus quod aperiam. Ea rerum cum vitae blanditiis ex.', 1, '2020-10-15 04:13:05', '2020-10-15 04:13:05'),
	(91, 26, 'ut', 'Ut ut ab ut sunt id. Id minus ab maxime nam explicabo eos omnis. Aut temporibus libero quam fugit dolorem.', 4, '2020-10-15 04:13:05', '2020-10-15 04:13:05'),
	(92, 11, 'beatae', 'Itaque tempora minus ex maxime a unde ullam cupiditate. Nam voluptate sit corrupti. Qui consequatur nostrum ut qui fugit quia. Natus nisi error voluptatum reiciendis.', 4, '2020-10-15 04:13:05', '2020-10-15 04:13:05'),
	(93, 50, 'dolorum', 'Qui veritatis earum voluptatem. Reprehenderit et architecto suscipit eaque quam incidunt non. Distinctio eos reiciendis facere et repellat vel.', 3, '2020-10-15 04:13:05', '2020-10-15 04:13:05'),
	(94, 1, 'odit', 'Iusto officiis et tempore accusamus placeat rerum quidem. Eos ullam id aut occaecati esse ex. Perspiciatis perferendis omnis impedit odio unde ipsum quibusdam. Doloremque officia illo qui.', 0, '2020-10-15 04:13:05', '2020-10-15 04:13:05'),
	(95, 46, 'tenetur', 'Porro optio provident fugiat et. Quidem voluptatum sed nesciunt molestiae expedita repellendus. Reiciendis fugiat ducimus omnis enim dolores.', 5, '2020-10-15 04:13:05', '2020-10-15 04:13:05'),
	(96, 30, 'dolores', 'Et repellendus ipsa sit ipsa. Et in ut omnis nemo voluptatem eos. Commodi pariatur molestiae nihil qui. Facere est rerum at placeat vel quisquam.', 3, '2020-10-15 04:13:05', '2020-10-15 04:13:05'),
	(97, 9, 'fuga', 'Deleniti provident ipsam repellat perferendis et saepe est. Voluptas temporibus magni neque voluptatem quisquam. Culpa in ipsam porro nihil corporis quibusdam voluptatem. Id aut odio est est corporis est dolores ea. Ut nobis quis dolor possimus.', 1, '2020-10-15 04:13:05', '2020-10-15 04:13:05'),
	(98, 24, 'aut', 'Id ex necessitatibus occaecati in ullam. Quibusdam sunt repellendus suscipit nostrum omnis numquam neque. Modi nisi at quibusdam ipsam. Autem vitae nobis officiis consequatur.', 5, '2020-10-15 04:13:05', '2020-10-15 04:13:05'),
	(99, 29, 'nesciunt', 'Culpa qui possimus enim dicta est voluptas eligendi rem. Aut illo ut aspernatur est nostrum. Quam eligendi totam praesentium id aut iure.', 3, '2020-10-15 04:13:05', '2020-10-15 04:13:05'),
	(100, 39, 'ut', 'Aliquid officiis et esse sint voluptatem. Voluptate facere aut velit aspernatur illo. Enim qui dignissimos mollitia. Et quibusdam et culpa consectetur quo non et amet.', 0, '2020-10-15 04:13:05', '2020-10-15 04:13:05'),
	(101, 13, 'in', 'Autem quaerat culpa error. Omnis autem pariatur eum officia excepturi aperiam.', 4, '2020-10-15 04:13:05', '2020-10-15 04:13:05'),
	(102, 29, 'corporis', 'Enim quidem et sunt quo. Provident autem ea voluptates est. Occaecati sapiente libero natus iure.', 0, '2020-10-15 04:13:05', '2020-10-15 04:13:05'),
	(103, 5, 'excepturi', 'Dignissimos cum corrupti quis et. Vel rerum vitae fugiat numquam. Autem sint perferendis omnis non.', 3, '2020-10-15 04:13:05', '2020-10-15 04:13:05'),
	(104, 27, 'dolores', 'Suscipit rerum reprehenderit aperiam sed ut. Repudiandae ipsam animi ut similique et rerum. Quae omnis provident sed doloribus sunt voluptatibus. Praesentium optio odio dolores enim voluptas sed amet exercitationem.', 5, '2020-10-15 04:13:05', '2020-10-15 04:13:05'),
	(105, 36, 'ipsum', 'Omnis ut corrupti voluptates beatae aut et delectus rerum. Magnam iusto rerum dolores nihil. Autem sed odio ipsum voluptatem. Culpa at velit praesentium cumque expedita.', 4, '2020-10-15 04:13:05', '2020-10-15 04:13:05'),
	(106, 42, 'maxime', 'Assumenda sit illo eligendi. Ut aut autem pariatur facere aut non. Officiis expedita et velit et dolorem tempore ex. Pariatur iure ducimus natus esse at nesciunt.', 5, '2020-10-15 04:13:05', '2020-10-15 04:13:05'),
	(107, 27, 'et', 'Porro omnis molestiae praesentium rerum. Placeat eligendi consequatur in perspiciatis. Est unde nulla quaerat ad qui est et. Ullam voluptatem quo adipisci consequatur tempora temporibus.', 2, '2020-10-15 04:13:05', '2020-10-15 04:13:05'),
	(108, 13, 'ea', 'Aspernatur dolorem dicta voluptatibus totam sed voluptate. Doloribus aut neque autem est. Sit illo impedit expedita et sit voluptas et.', 1, '2020-10-15 04:13:05', '2020-10-15 04:13:05'),
	(109, 22, 'sunt', 'Eligendi quia voluptatem voluptatibus aut voluptate amet. Sunt vero voluptates et sit eveniet maiores. Explicabo natus voluptas culpa consectetur. Provident id nihil repellendus vel itaque corrupti.', 4, '2020-10-15 04:13:05', '2020-10-15 04:13:05'),
	(110, 14, 'explicabo', 'Praesentium explicabo rem in qui iste unde et. Illo inventore sunt libero maiores sunt suscipit ut. Vel in nesciunt voluptatibus rerum tenetur et. Ut ut facere minus cum libero sunt.', 0, '2020-10-15 04:13:06', '2020-10-15 04:13:06'),
	(111, 37, 'dolorem', 'Recusandae alias aut voluptate voluptatem rerum error corporis. Vel quis veniam accusamus enim omnis et. A deleniti est exercitationem est itaque est. Nostrum omnis eligendi est voluptas temporibus nesciunt sapiente.', 4, '2020-10-15 04:13:06', '2020-10-15 04:13:06'),
	(112, 28, 'minima', 'Nesciunt libero nihil molestiae consequatur. Numquam occaecati cum ex voluptate.', 0, '2020-10-15 04:13:06', '2020-10-15 04:13:06'),
	(113, 37, 'iste', 'Officia et hic aut aut ducimus ut. Blanditiis praesentium sequi dolorum et atque ut. Reiciendis deserunt sit debitis provident facilis.', 5, '2020-10-15 04:13:06', '2020-10-15 04:13:06'),
	(114, 41, 'impedit', 'Magnam voluptate optio ullam quos at magnam facilis. Officia quisquam inventore voluptatibus quidem. Pariatur eum veritatis doloribus consequuntur excepturi eum. Voluptatibus fugiat suscipit accusantium praesentium nulla architecto error.', 2, '2020-10-15 04:13:06', '2020-10-15 04:13:06'),
	(115, 4, 'quia', 'Neque deserunt rem qui totam quaerat alias aliquid. Ducimus est doloremque natus ipsum dolor. Sint perferendis ut dolor.', 4, '2020-10-15 04:13:06', '2020-10-15 04:13:06'),
	(116, 16, 'soluta', 'Nam et molestiae assumenda repudiandae corporis quo voluptatem. Deleniti alias dolorem facere enim voluptas. Quidem animi deserunt consequuntur fugiat aut. Sed unde et molestiae reiciendis et id exercitationem.', 0, '2020-10-15 04:13:06', '2020-10-15 04:13:06'),
	(117, 5, 'suscipit', 'Consequatur aut est provident quo est voluptatem. Expedita veniam quis aut officia consequatur. Quia alias impedit similique fugit libero laudantium et. Qui fuga sed consequatur ut veniam.', 2, '2020-10-15 04:13:06', '2020-10-15 04:13:06'),
	(118, 28, 'enim', 'Quia perspiciatis eaque hic dignissimos aut temporibus beatae at. Neque laudantium laudantium veniam in dignissimos eveniet. Omnis est molestiae qui quo ipsum. Dolor corporis ipsa error sed dolorum voluptates vitae.', 0, '2020-10-15 04:13:06', '2020-10-15 04:13:06'),
	(119, 50, 'ut', 'Voluptatem necessitatibus sunt aut eaque. Autem quia est esse sequi veritatis et. Id magnam in qui optio temporibus non quo.', 3, '2020-10-15 04:13:06', '2020-10-15 04:13:06'),
	(120, 28, 'dolore', 'Dicta reiciendis officiis voluptas qui illo. Rerum est dicta ex inventore velit autem. Debitis vel porro inventore sunt aut. Maiores consequatur accusantium repellat necessitatibus maxime. Labore aspernatur nesciunt quibusdam deserunt eius sed sunt.', 1, '2020-10-15 04:13:06', '2020-10-15 04:13:06'),
	(121, 41, 'cupiditate', 'Fuga et qui eligendi ullam. At perferendis natus qui amet aut aperiam qui. Beatae quia aliquid adipisci aperiam ut. Et nihil non quia qui facere eaque.', 0, '2020-10-15 04:13:06', '2020-10-15 04:13:06'),
	(122, 41, 'deserunt', 'Expedita culpa architecto ad eligendi et rerum occaecati. Neque voluptas omnis dolor.', 3, '2020-10-15 04:13:06', '2020-10-15 04:13:06'),
	(123, 34, 'sunt', 'Magnam magnam quia reprehenderit. Quo illo consequatur molestiae dolores soluta consequatur. Ducimus voluptas quod nostrum dolores non velit voluptatum aliquam. Illo sit eaque quaerat aperiam. Quidem expedita veniam maiores nesciunt.', 5, '2020-10-15 04:13:06', '2020-10-15 04:13:06'),
	(124, 14, 'est', 'Beatae quasi ducimus sit quia cum. Molestiae cum reiciendis deserunt voluptatem vitae facere consequuntur. Doloribus beatae incidunt autem qui.', 5, '2020-10-15 04:13:06', '2020-10-15 04:13:06'),
	(125, 28, 'consectetur', 'Et delectus nam ullam aut ut ad qui. Veniam quam optio maiores rerum voluptatem dolores aperiam accusamus. Commodi deserunt soluta quam ut ad est quis. Numquam at cupiditate minus quae quae sed rerum vel.', 0, '2020-10-15 04:13:06', '2020-10-15 04:13:06'),
	(126, 26, 'ipsam', 'Perferendis modi asperiores illum fuga enim eum voluptas. Ut ea voluptatem perferendis molestiae sed dicta eos id. Quo officiis vel minima dicta odit aperiam. Ut ea et incidunt qui architecto.', 5, '2020-10-15 04:13:06', '2020-10-15 04:13:06'),
	(127, 8, 'doloribus', 'Velit nulla iure quia laudantium. In omnis a tempora ducimus sapiente et nulla. Nihil voluptatem iure et repellat iure. Et et ut debitis quos cum minima odio.', 1, '2020-10-15 04:13:06', '2020-10-15 04:13:06'),
	(128, 24, 'dolorum', 'Dicta est odio rerum sit voluptas ex et. Minima id molestiae nostrum odit et. Quia distinctio fugit autem quia quia autem voluptate.', 0, '2020-10-15 04:13:06', '2020-10-15 04:13:06'),
	(129, 27, 'autem', 'Vel eius quas sed impedit sapiente iure quia. Nemo ea illum voluptate ipsum. Ut animi omnis et aut perferendis illo quia. Eligendi omnis aut enim mollitia nulla veritatis ut autem.', 3, '2020-10-15 04:13:06', '2020-10-15 04:13:06'),
	(130, 2, 'possimus', 'Est ullam saepe blanditiis fuga. Aut non itaque deleniti ipsum ut voluptas. Sit ut molestiae quia.', 4, '2020-10-15 04:13:06', '2020-10-15 04:13:06'),
	(131, 13, 'vel', 'Ut reprehenderit quia numquam voluptate. Minima qui natus est ea sequi in voluptates esse. Praesentium ut non earum est eligendi nihil officiis iusto.', 2, '2020-10-15 04:13:06', '2020-10-15 04:13:06'),
	(132, 23, 'est', 'Possimus labore voluptates amet adipisci rerum ut. Qui dicta earum velit voluptate ea aut. Vitae quas quaerat voluptas vel. Incidunt iste repudiandae nostrum. Doloribus consequatur repellat atque odit.', 3, '2020-10-15 04:13:06', '2020-10-15 04:13:06'),
	(133, 33, 'excepturi', 'Nisi quis amet aut iste nobis modi. Molestiae rerum ut doloribus maiores hic. Dolores impedit est voluptatem provident. Eius rerum aut nihil eos non fugiat incidunt est.', 2, '2020-10-15 04:13:06', '2020-10-15 04:13:06'),
	(134, 41, 'ipsam', 'Aperiam repellat in nostrum doloribus laboriosam fugit illum. Nisi molestias saepe reiciendis rerum eaque sit alias error. Est earum autem eveniet quae quam delectus.', 4, '2020-10-15 04:13:06', '2020-10-15 04:13:06'),
	(135, 15, 'quis', 'Porro et ullam nobis ratione quidem asperiores fuga. Laboriosam vero non cum consequatur aut quia praesentium. Id accusantium quo esse non et alias. Consectetur doloremque magnam aut ipsa quis saepe.', 5, '2020-10-15 04:13:06', '2020-10-15 04:13:06'),
	(136, 46, 'aut', 'Eveniet error quisquam voluptas qui est. Distinctio delectus autem repellat animi. Similique id nulla esse neque nostrum voluptas ut.', 5, '2020-10-15 04:13:06', '2020-10-15 04:13:06'),
	(137, 30, 'deleniti', 'Repudiandae est voluptatem perspiciatis cumque. Quisquam magni temporibus doloremque itaque ducimus quasi labore corporis. Corrupti consectetur sunt adipisci excepturi exercitationem placeat id eos.', 2, '2020-10-15 04:13:06', '2020-10-15 04:13:06'),
	(138, 16, 'et', 'Optio necessitatibus fuga et illo. Ut ratione eum veniam et. Laudantium cumque harum non ea culpa molestiae.', 2, '2020-10-15 04:13:06', '2020-10-15 04:13:06'),
	(139, 10, 'eum', 'Quis et beatae consectetur nostrum deleniti ratione. Et nobis dolorem occaecati rerum mollitia quia ut. Vel sit mollitia perspiciatis odit porro. Delectus tenetur error dolore.', 3, '2020-10-15 04:13:06', '2020-10-15 04:13:06'),
	(140, 33, 'aspernatur', 'Ex voluptate iure non repellendus omnis culpa. Consequatur et et id similique et dolorem inventore. Ad sunt qui sit. Praesentium perferendis harum ab tenetur dolorem eligendi.', 2, '2020-10-15 04:13:06', '2020-10-15 04:13:06'),
	(141, 50, 'et', 'Quas officiis vitae animi. Quam vero velit voluptas dicta et enim.', 2, '2020-10-15 04:13:06', '2020-10-15 04:13:06'),
	(142, 46, 'corrupti', 'Odit ipsa molestiae doloribus. Expedita ex et id id tempora commodi.', 3, '2020-10-15 04:13:06', '2020-10-15 04:13:06'),
	(143, 25, 'ut', 'Eos at est est tempora quas ea. Iure dolor vero dolor.', 5, '2020-10-15 04:13:06', '2020-10-15 04:13:06'),
	(144, 49, 'non', 'Sit eum veritatis ex qui vel qui. Voluptatibus praesentium aliquid laboriosam inventore ut dolor id. Nihil tenetur beatae expedita et.', 1, '2020-10-15 04:13:06', '2020-10-15 04:13:06'),
	(145, 45, 'iusto', 'Reprehenderit temporibus laborum id quos delectus. Consequatur repellendus velit repudiandae accusantium nobis ullam. Soluta magni et maxime et ducimus aliquam dicta.', 3, '2020-10-15 04:13:06', '2020-10-15 04:13:06'),
	(146, 30, 'veritatis', 'Praesentium et ipsam ut sit. Impedit nemo sit et quam sunt perspiciatis. Similique aspernatur ex voluptatem et ab eos.', 4, '2020-10-15 04:13:06', '2020-10-15 04:13:06'),
	(147, 37, 'vel', 'Ad suscipit aliquam nesciunt consequatur officia. Omnis ab explicabo dolorem ullam sint sed.', 5, '2020-10-15 04:13:06', '2020-10-15 04:13:06'),
	(148, 39, 'assumenda', 'Repellat est voluptatem eos sed. Sed quas consequuntur ut eveniet eveniet sint. Sequi debitis eius voluptatum perspiciatis cumque unde.', 4, '2020-10-15 04:13:06', '2020-10-15 04:13:06'),
	(149, 3, 'vero', 'Quia repellendus nesciunt laborum. Nihil non occaecati voluptate nemo qui. Nisi alias autem illum sapiente eligendi aspernatur. Aliquid et aliquid nam molestias sapiente ut hic temporibus.', 5, '2020-10-15 04:13:06', '2020-10-15 04:13:06'),
	(150, 41, 'quas', 'Sed blanditiis aspernatur neque consequatur. Nisi quis necessitatibus provident doloribus sunt expedita. Modi alias et exercitationem explicabo quia molestiae sapiente itaque.', 3, '2020-10-15 04:13:06', '2020-10-15 04:13:06'),
	(151, 12, 'maxime', 'Earum qui accusantium eos voluptas nesciunt. Tempora dolore quis maxime modi. Incidunt deleniti atque eius aut dolores ut nulla adipisci.', 1, '2020-10-15 04:13:06', '2020-10-15 04:13:06'),
	(152, 29, 'optio', 'Est sunt hic delectus omnis voluptates. Dolores et dolor non pariatur ex doloribus velit. Eius voluptatem quis non est.', 5, '2020-10-15 04:13:06', '2020-10-15 04:13:06'),
	(153, 4, 'repudiandae', 'Sint et ipsa id. Quae asperiores dolorum qui repellat. Sunt et minima sed minima dignissimos. Qui et officia quod neque illum odit.', 2, '2020-10-15 04:13:06', '2020-10-15 04:13:06'),
	(154, 5, 'enim', 'Quisquam quia qui quibusdam. Eos repellat qui maiores. Nesciunt sunt quo at officiis nesciunt. Accusamus impedit porro molestiae quasi.', 4, '2020-10-15 04:13:06', '2020-10-15 04:13:06'),
	(155, 31, 'aut', 'At quia minus fugiat modi. Cumque quo vel beatae quam perferendis nobis nesciunt. Unde cupiditate et corrupti accusamus. Nihil eaque aspernatur ut sed nulla labore aliquam.', 2, '2020-10-15 04:13:06', '2020-10-15 04:13:06'),
	(156, 50, 'voluptates', 'Modi animi eos eum consectetur ut nostrum aut nulla. Et voluptates occaecati quis quisquam alias. Voluptas eos et quam dolorem atque non non. Alias est pariatur in voluptates.', 2, '2020-10-15 04:13:06', '2020-10-15 04:13:06'),
	(157, 26, 'quibusdam', 'Animi fugiat odit quis corrupti quis alias. Ea neque hic vero est et. Cupiditate suscipit consequatur voluptatibus nobis beatae. Libero alias aperiam hic nostrum porro nostrum mollitia sint.', 2, '2020-10-15 04:13:06', '2020-10-15 04:13:06'),
	(158, 5, 'illo', 'Minus eaque ut tenetur harum. Facere voluptatem nihil dicta autem voluptas accusantium. Et consequuntur in provident facere cumque et. Enim omnis id dolores iure tenetur repellendus molestias porro.', 5, '2020-10-15 04:13:06', '2020-10-15 04:13:06'),
	(159, 38, 'ut', 'Error cupiditate ut enim dolor ut vel et. Qui nemo non qui maiores eos. Maiores laboriosam eum vel ut cum autem et.', 4, '2020-10-15 04:13:06', '2020-10-15 04:13:06'),
	(160, 23, 'eum', 'Optio cumque sequi eius sunt eos eligendi ex sapiente. Maxime sit harum sapiente nesciunt harum. Tenetur repellendus voluptas alias labore. Rem sunt dicta incidunt mollitia vero.', 3, '2020-10-15 04:13:06', '2020-10-15 04:13:06'),
	(161, 17, 'sit', 'Nam dolor facere et error animi sint. Est inventore adipisci sed sunt et quasi aut a. Omnis sapiente sint ea ab voluptatem est maiores. Dolorum fugiat quidem at maxime eius laboriosam magni.', 3, '2020-10-15 04:13:06', '2020-10-15 04:13:06'),
	(162, 25, 'doloribus', 'In aut ut molestiae. Velit natus totam pariatur explicabo earum magni. Vel illo suscipit repellat adipisci. Expedita aut accusamus quidem modi veniam non nostrum.', 5, '2020-10-15 04:13:06', '2020-10-15 04:13:06'),
	(163, 33, 'veniam', 'Sed ut reprehenderit enim aperiam culpa quis non doloremque. Rerum reiciendis quis minima.', 1, '2020-10-15 04:13:06', '2020-10-15 04:13:06'),
	(164, 42, 'aut', 'Voluptatem rerum a rem et quis. Quas et est aspernatur. Fuga quia praesentium enim aspernatur molestiae omnis. Officiis autem omnis saepe sed sed eveniet hic dolores.', 5, '2020-10-15 04:13:06', '2020-10-15 04:13:06'),
	(165, 34, 'optio', 'Quam perspiciatis commodi qui rerum ut cumque deleniti. Quod magnam in sit autem incidunt. Magni quia ut praesentium quia.', 1, '2020-10-15 04:13:06', '2020-10-15 04:13:06'),
	(166, 25, 'asperiores', 'Est odit aut qui beatae aut possimus. Praesentium libero et totam porro ea. Sit sunt maiores commodi consequatur qui officia.', 2, '2020-10-15 04:13:06', '2020-10-15 04:13:06'),
	(167, 2, 'culpa', 'Nemo deleniti molestiae at eius voluptatem. Dolorem autem saepe consequatur atque eos eum. Et unde voluptatibus odit ad odit sit optio. Temporibus culpa qui vero error qui quia est.', 0, '2020-10-15 04:13:06', '2020-10-15 04:13:06'),
	(168, 26, 'in', 'Rerum eius et eos. Consequatur id eligendi qui quam beatae necessitatibus earum. Ab blanditiis et maxime dignissimos sed distinctio non. Harum expedita eligendi soluta neque aut officiis magni.', 4, '2020-10-15 04:13:06', '2020-10-15 04:13:06'),
	(169, 43, 'rerum', 'Quia quia nulla et. Reprehenderit nobis facilis impedit possimus omnis animi et rem.', 4, '2020-10-15 04:13:06', '2020-10-15 04:13:06'),
	(170, 29, 'sunt', 'Ab impedit doloremque voluptatem illo officiis. Sed neque consequatur voluptas qui. Tenetur et officia quasi in reiciendis exercitationem vero.', 4, '2020-10-15 04:13:06', '2020-10-15 04:13:06'),
	(171, 17, 'id', 'Autem sed quia culpa voluptatem sint distinctio. Laborum ea quibusdam illo laborum explicabo ipsa. Numquam amet ut laboriosam voluptatem culpa. Hic dolor rerum consequatur.', 5, '2020-10-15 04:13:06', '2020-10-15 04:13:06'),
	(172, 31, 'consequuntur', 'Ea rerum illo porro alias nam officiis incidunt. Voluptatibus voluptas vel aut tempore natus quasi. Error asperiores quis corrupti aut sit dolor. Sed autem illum dignissimos neque.', 5, '2020-10-15 04:13:06', '2020-10-15 04:13:06'),
	(173, 46, 'eos', 'Fugit nemo id voluptas tempore deserunt. Est et vitae in omnis eos recusandae ex. Quaerat similique neque deserunt quia ut velit sed placeat.', 2, '2020-10-15 04:13:06', '2020-10-15 04:13:06'),
	(174, 50, 'veniam', 'Magnam non quia exercitationem minus fuga deleniti placeat. Voluptas quo consequuntur consequuntur consequatur. Quisquam molestiae nemo esse. Sed temporibus aut ut expedita itaque iste ipsa. Est laudantium voluptatum deleniti aspernatur vero eius autem.', 3, '2020-10-15 04:13:06', '2020-10-15 04:13:06'),
	(175, 35, 'aliquam', 'Architecto quis distinctio sint iste. Et non aspernatur magnam amet cupiditate. Aut et porro rerum ea. Error ipsum quas enim incidunt aut.', 1, '2020-10-15 04:13:06', '2020-10-15 04:13:06'),
	(176, 49, 'ex', 'Tenetur sint quis sint omnis. Et rerum fuga assumenda accusantium. Quo et nam aut et rerum. Explicabo adipisci id provident error tempora nihil vitae. Adipisci aut molestiae atque voluptas qui non.', 2, '2020-10-15 04:13:06', '2020-10-15 04:13:06'),
	(177, 6, 'blanditiis', 'Molestias et doloribus ut ut cum. Reprehenderit porro aliquid incidunt unde qui consequatur velit. Dolorem praesentium minima repellat minus.', 3, '2020-10-15 04:13:06', '2020-10-15 04:13:06'),
	(178, 32, 'cupiditate', 'Perspiciatis dolores quia saepe quia. Aut earum eaque aliquam veritatis qui facere. Autem ipsa repellat quidem autem officia debitis deserunt in. Eos natus ratione qui quas.', 3, '2020-10-15 04:13:06', '2020-10-15 04:13:06'),
	(179, 16, 'nobis', 'Dolor laudantium dolorem iste corrupti. Nihil ipsam asperiores quidem voluptatem accusamus. Nesciunt dolores minima distinctio eius repudiandae culpa.', 1, '2020-10-15 04:13:06', '2020-10-15 04:13:06'),
	(180, 19, 'fugiat', 'Tempore et qui accusantium odit enim dolores facere. Et necessitatibus aut ex est nesciunt quod nihil laborum. Neque ipsam recusandae mollitia quasi magni dolores sint libero. Quod qui aut aliquid iste qui.', 5, '2020-10-15 04:13:06', '2020-10-15 04:13:06'),
	(181, 39, 'quam', 'Quisquam magni voluptatum sint doloribus modi fugiat inventore esse. Repudiandae illum et natus minima mollitia voluptatum cum vel. Consequatur possimus placeat dignissimos id accusantium reiciendis.', 4, '2020-10-15 04:13:06', '2020-10-15 04:13:06'),
	(182, 42, 'quia', 'Ad ab aut dignissimos. Aut beatae dolor reprehenderit voluptatem accusamus et dolores. Rem sed veniam veniam qui minus repudiandae.', 3, '2020-10-15 04:13:06', '2020-10-15 04:13:06'),
	(183, 4, 'qui', 'Debitis beatae non reiciendis consequatur. Atque pariatur aut odit aut deserunt autem. Blanditiis sequi harum porro qui aut distinctio.', 5, '2020-10-15 04:13:06', '2020-10-15 04:13:06'),
	(184, 18, 'culpa', 'Provident laborum cum et rerum consequatur cumque aut. Quia et sequi optio ipsa est.', 4, '2020-10-15 04:13:06', '2020-10-15 04:13:06'),
	(185, 50, 'minima', 'Mollitia rem voluptatibus ipsa reiciendis. Maxime ut recusandae in qui. Fugiat ut praesentium voluptatibus laboriosam facere deleniti autem.', 5, '2020-10-15 04:13:06', '2020-10-15 04:13:06'),
	(186, 16, 'maxime', 'Dolorum aut deserunt magni perferendis. Doloribus odit id quisquam non et.', 3, '2020-10-15 04:13:06', '2020-10-15 04:13:06'),
	(187, 18, 'eius', 'Enim aliquid commodi asperiores temporibus. Maxime assumenda necessitatibus et deserunt est delectus. Necessitatibus adipisci repudiandae animi ad tempore. Rerum est aut aspernatur soluta mollitia ipsam sit sint.', 4, '2020-10-15 04:13:06', '2020-10-15 04:13:06'),
	(188, 14, 'nihil', 'Repudiandae nostrum quibusdam laboriosam. Facere repellendus tempora officiis at ullam saepe. Aut voluptas quidem officia provident. Accusamus molestiae exercitationem aut.', 2, '2020-10-15 04:13:06', '2020-10-15 04:13:06'),
	(189, 48, 'et', 'Architecto vel ea veniam est. In officiis recusandae doloribus sunt hic. Saepe tenetur ea delectus nam praesentium. Omnis fugit ipsa dicta inventore.', 0, '2020-10-15 04:13:06', '2020-10-15 04:13:06'),
	(190, 7, 'voluptas', 'Dolor sed voluptas fugiat dolores enim. Excepturi fugit qui ad odit ratione sint magnam atque. Laudantium quia optio et laboriosam. Asperiores aut expedita dolores alias.', 1, '2020-10-15 04:13:06', '2020-10-15 04:13:06'),
	(191, 22, 'qui', 'Nam laudantium a est sit. Et quibusdam quia quam reprehenderit. Rerum sit laboriosam unde maxime iste. Eum illum ex adipisci numquam.', 5, '2020-10-15 04:13:06', '2020-10-15 04:13:06'),
	(192, 22, 'numquam', 'Autem dolor praesentium magni rerum id voluptatem vero. Sint dignissimos aut quidem aut consequatur est eum consequatur. Aut dignissimos tempora earum omnis totam.', 5, '2020-10-15 04:13:06', '2020-10-15 04:13:06'),
	(193, 48, 'eligendi', 'Aut recusandae aut hic quo est vel. Eveniet unde voluptas deserunt velit rem cum tempora. Ullam rerum quia consequuntur.', 3, '2020-10-15 04:13:06', '2020-10-15 04:13:06'),
	(194, 35, 'necessitatibus', 'Ut repudiandae distinctio quis veritatis omnis. Ab ea dolorem sunt corporis. Vel quos quam labore dolores. Quia quia perspiciatis architecto et. Autem sit vel iste nesciunt eos.', 0, '2020-10-15 04:13:06', '2020-10-15 04:13:06'),
	(195, 38, 'temporibus', 'Ratione in non est temporibus consequuntur est. Sit recusandae aliquam alias enim ea doloremque minus. Debitis qui distinctio sed fugit.', 3, '2020-10-15 04:13:06', '2020-10-15 04:13:06'),
	(196, 13, 'vitae', 'Et dicta et omnis voluptas officia est. Veritatis in qui placeat. Porro dolorem molestiae et distinctio animi.', 0, '2020-10-15 04:13:06', '2020-10-15 04:13:06'),
	(197, 35, 'eveniet', 'At earum vero voluptatem molestiae inventore esse et voluptatem. Incidunt fuga nesciunt quaerat aut. Et dolorem vitae quidem vero.', 1, '2020-10-15 04:13:06', '2020-10-15 04:13:06'),
	(198, 46, 'aut', 'Sequi dicta id molestiae non sit et. Aperiam voluptatibus ut libero aperiam omnis optio earum. Porro expedita blanditiis illo nam recusandae id.', 1, '2020-10-15 04:13:06', '2020-10-15 04:13:06'),
	(199, 26, 'cum', 'Modi illo culpa perspiciatis placeat enim repudiandae fugit. Vel dolor eos est molestias numquam sed. Odit suscipit inventore doloribus ut est expedita aut.', 5, '2020-10-15 04:13:06', '2020-10-15 04:13:06'),
	(200, 33, 'nulla', 'Repellendus perferendis in consectetur officiis. Quam nihil consectetur aut et molestiae. Iste eum quos sit ea sed et.', 2, '2020-10-15 04:13:06', '2020-10-15 04:13:06'),
	(201, 46, 'soluta', 'Ullam est corporis quidem tempore consequuntur incidunt voluptates. Ut libero qui ad excepturi temporibus eaque magnam. Eos provident laboriosam voluptatem molestias qui et similique.', 1, '2020-10-15 04:13:06', '2020-10-15 04:13:06'),
	(202, 21, 'eius', 'Libero ex dolorum voluptatem dolores alias. Doloremque rerum quo maxime blanditiis. Voluptatem aliquam non cum omnis laborum rerum. Consequuntur repudiandae perspiciatis eveniet placeat sit in voluptatem. Laudantium quibusdam rem rerum ut.', 5, '2020-10-15 04:13:06', '2020-10-15 04:13:06'),
	(203, 19, 'sunt', 'Sequi sit ut non quia eius minima qui. Ipsa quo omnis enim magni. Sit quam qui odit consequuntur aut iure. Odio voluptas iusto non aut inventore tempora.', 2, '2020-10-15 04:13:06', '2020-10-15 04:13:06'),
	(204, 14, 'qui', 'Adipisci ipsa voluptatem nostrum aut quae velit. Cum ea sint est rerum et reprehenderit. Et vel quis laboriosam voluptas libero velit. Voluptas ut doloremque et libero tenetur. Consequatur ad iusto vel ducimus voluptate voluptatem perspiciatis.', 5, '2020-10-15 04:13:06', '2020-10-15 04:13:06'),
	(205, 15, 'molestiae', 'Pariatur vero ad et laboriosam voluptas. Molestiae saepe illum id atque quis. Et ab harum odio eveniet molestiae officia fuga.', 4, '2020-10-15 04:13:06', '2020-10-15 04:13:06'),
	(206, 47, 'nobis', 'Ipsa quis aliquid ut fugit. Deserunt modi non et non inventore facilis doloremque. Officiis sit perspiciatis hic facilis ducimus repellendus amet.', 4, '2020-10-15 04:13:06', '2020-10-15 04:13:06'),
	(207, 3, 'porro', 'Autem cumque maiores est. Animi ipsum sequi natus repellendus. Et blanditiis ullam modi rem at ipsum consequuntur voluptas.', 1, '2020-10-15 04:13:06', '2020-10-15 04:13:06'),
	(208, 27, 'molestias', 'Reprehenderit natus placeat corporis provident possimus eos corporis. Omnis vel et minima animi quia alias omnis ipsa. Vel doloremque dolorum qui dolorum dolorem minus.', 5, '2020-10-15 04:13:06', '2020-10-15 04:13:06'),
	(209, 43, 'aliquam', 'Numquam consequatur ut velit laudantium et quaerat excepturi. Sit at quasi placeat labore nostrum. Quo illo esse a est.', 1, '2020-10-15 04:13:06', '2020-10-15 04:13:06'),
	(210, 36, 'sint', 'Quae distinctio ullam quasi quaerat quaerat ipsam molestiae libero. Facere suscipit porro magnam voluptatem. Dolorum voluptatem qui maxime nemo aut eveniet debitis maxime.', 5, '2020-10-15 04:13:06', '2020-10-15 04:13:06'),
	(211, 16, 'qui', 'Recusandae iste ab sint eum non et repudiandae. Vel quia ullam et blanditiis est quam ipsa. Saepe vel minima ipsa dolor excepturi aperiam tempora consequatur. Consequatur ut voluptatem est aut et itaque.', 5, '2020-10-15 04:13:06', '2020-10-15 04:13:06'),
	(212, 9, 'quisquam', 'Omnis similique labore eos officia ratione ut enim sed. Odit quae incidunt qui illo praesentium quisquam vel. Qui quae quos eaque in qui minus. Provident ea vitae dolores repellendus sed.', 3, '2020-10-15 04:13:06', '2020-10-15 04:13:06'),
	(213, 14, 'laudantium', 'Atque quia eius quaerat velit consequatur. Velit voluptatem qui libero cupiditate. Voluptate quae molestias veniam aperiam. Fuga rerum minus enim unde ipsum aliquid.', 2, '2020-10-15 04:13:06', '2020-10-15 04:13:06'),
	(214, 33, 'dolor', 'A nulla soluta est magni possimus. Repellat impedit quod repudiandae excepturi quia minus. Tenetur veritatis sed vero sint in ipsum velit.', 5, '2020-10-15 04:13:07', '2020-10-15 04:13:07'),
	(215, 8, 'quasi', 'Commodi delectus eum beatae provident. Doloremque neque aut cum est temporibus nemo nobis.', 1, '2020-10-15 04:13:07', '2020-10-15 04:13:07'),
	(216, 49, 'eaque', 'Tempore exercitationem blanditiis sed voluptas consequuntur sit dolor. Aut voluptatem facere dolores soluta sint placeat sunt deleniti. Velit nihil et ipsum quia modi amet fuga.', 3, '2020-10-15 04:13:07', '2020-10-15 04:13:07'),
	(217, 2, 'deserunt', 'Debitis ut est illum distinctio dignissimos. Cum sunt eveniet et voluptas quae blanditiis. Unde dolor qui repudiandae sit incidunt quae.', 1, '2020-10-15 04:13:07', '2020-10-15 04:13:07'),
	(218, 18, 'eligendi', 'Consequatur assumenda quo saepe aut sed animi. Omnis voluptas ipsum voluptatem blanditiis tenetur suscipit est recusandae. Unde quo quibusdam cumque assumenda. Assumenda quis vel ex culpa et nesciunt quae placeat.', 0, '2020-10-15 04:13:07', '2020-10-15 04:13:07'),
	(219, 38, 'aut', 'Quaerat quae enim qui dolores voluptate praesentium enim. Quo modi blanditiis nisi labore tempore.', 2, '2020-10-15 04:13:07', '2020-10-15 04:13:07'),
	(220, 10, 'consequatur', 'Nihil repellendus nihil est nemo. Voluptatum autem qui omnis dolores earum quia totam. Tenetur aut beatae sed hic sint placeat.', 0, '2020-10-15 04:13:07', '2020-10-15 04:13:07'),
	(221, 45, 'in', 'Est ratione odit quia doloremque provident numquam quis. Voluptatem doloribus asperiores commodi porro. Consequatur nostrum veniam eos dolor.', 2, '2020-10-15 04:13:07', '2020-10-15 04:13:07'),
	(222, 32, 'qui', 'Quo non consequatur dignissimos omnis harum facere. Sed cupiditate ipsum repellendus. Assumenda eum explicabo ex commodi quos est alias. Ut iste quam et eum praesentium.', 2, '2020-10-15 04:13:07', '2020-10-15 04:13:07'),
	(223, 23, 'dolorem', 'Dicta quia doloremque sed architecto quia. Repudiandae aliquam placeat omnis qui. Veniam enim repellendus unde id repellendus.', 5, '2020-10-15 04:13:07', '2020-10-15 04:13:07'),
	(224, 49, 'repudiandae', 'Deleniti quo quod nesciunt mollitia dolorem facilis reprehenderit. Aut similique nulla soluta ut commodi neque ea. Sed fuga saepe modi reiciendis quas repellendus.', 2, '2020-10-15 04:13:07', '2020-10-15 04:13:07'),
	(225, 47, 'natus', 'Expedita consequatur id rem nihil fugiat nihil perspiciatis. Et itaque quo fugit alias vel ipsa. Distinctio enim deserunt explicabo nemo ex libero nam. Delectus unde ipsa sunt quia enim consequuntur.', 0, '2020-10-15 04:13:07', '2020-10-15 04:13:07'),
	(226, 47, 'ea', 'Dolor repudiandae rem inventore praesentium omnis. Ea nisi rerum id voluptatum ipsum. Et sequi occaecati quia perferendis repellendus est rerum ex.', 5, '2020-10-15 04:13:07', '2020-10-15 04:13:07'),
	(227, 31, 'praesentium', 'Deleniti quos eos ut saepe. Quos accusantium voluptates iste tempore voluptatem est debitis. Cumque ut placeat quae numquam est vitae quis eligendi.', 5, '2020-10-15 04:13:07', '2020-10-15 04:13:07'),
	(228, 34, 'adipisci', 'Harum ratione distinctio mollitia quia. Sint assumenda omnis ea sit odio non.', 3, '2020-10-15 04:13:07', '2020-10-15 04:13:07'),
	(229, 24, 'asperiores', 'Ipsum qui fugiat est suscipit pariatur. Animi id sint omnis autem rerum esse repellat laboriosam. Voluptatem autem mollitia autem officia. Qui repudiandae accusantium optio quia et.', 0, '2020-10-15 04:13:07', '2020-10-15 04:13:07'),
	(230, 13, 'et', 'Qui sunt culpa sequi saepe assumenda dolore. Odio in et aut. Saepe ut laboriosam id iste ipsum distinctio. Incidunt id atque similique nemo enim doloremque quia quisquam.', 3, '2020-10-15 04:13:07', '2020-10-15 04:13:07'),
	(231, 38, 'similique', 'Ad velit quis nulla corporis molestiae. Qui mollitia beatae voluptas voluptate quia minus.', 2, '2020-10-15 04:13:07', '2020-10-15 04:13:07'),
	(232, 25, 'aut', 'Ex ex et architecto quia. Consequatur aut aut nobis voluptatem. Laborum quia sapiente culpa vitae occaecati vel beatae.', 1, '2020-10-15 04:13:07', '2020-10-15 04:13:07'),
	(233, 6, 'ipsa', 'Ullam et voluptatem dolor. Quis totam velit doloribus et nesciunt sunt adipisci.', 2, '2020-10-15 04:13:07', '2020-10-15 04:13:07'),
	(234, 46, 'dolores', 'Eum sit et et et rem iste odio. Sint eaque eligendi qui autem aut aut amet. Facilis natus vel inventore quis exercitationem. Consectetur repellat pariatur est totam sapiente rerum.', 5, '2020-10-15 04:13:07', '2020-10-15 04:13:07'),
	(235, 22, 'quia', 'Qui qui libero vel et laudantium. Qui quis impedit alias sit minima debitis quae quis. Pariatur molestiae aut fuga neque molestiae inventore. Sed odit porro vel voluptatem quia autem.', 0, '2020-10-15 04:13:07', '2020-10-15 04:13:07'),
	(236, 6, 'adipisci', 'Ut reiciendis facere dolorem similique. Sed est exercitationem consequatur aut. Et atque illo voluptatem tempore deserunt temporibus.', 5, '2020-10-15 04:13:07', '2020-10-15 04:13:07'),
	(237, 24, 'natus', 'Ipsa deserunt perferendis provident placeat repellat. Beatae voluptas necessitatibus illo at distinctio quod. Et accusamus quia dolor consequatur impedit eius laboriosam.', 4, '2020-10-15 04:13:07', '2020-10-15 04:13:07'),
	(238, 44, 'impedit', 'Et soluta dolor nulla provident asperiores aut fugit. Blanditiis consectetur debitis nostrum consequatur rerum consequatur rerum. Incidunt qui sed voluptas molestiae sed nobis. Neque non non quas cum enim excepturi ad.', 3, '2020-10-15 04:13:07', '2020-10-15 04:13:07'),
	(239, 50, 'ut', 'Natus non temporibus sed qui voluptatem vel. A sapiente possimus et molestiae vitae corporis. Fugiat sunt omnis quo ullam dolores.', 3, '2020-10-15 04:13:07', '2020-10-15 04:13:07'),
	(240, 13, 'et', 'Et aut odit aperiam voluptatem sit aspernatur. Nihil culpa libero autem omnis ducimus et consequatur. Ab voluptatem ducimus atque in.', 1, '2020-10-15 04:13:07', '2020-10-15 04:13:07'),
	(241, 2, 'quibusdam', 'Aperiam qui deserunt adipisci. Accusamus ipsam sunt accusamus. Voluptates debitis mollitia illum et neque illum voluptatem. Reprehenderit id temporibus voluptatem alias aut quod.', 4, '2020-10-15 04:13:07', '2020-10-15 04:13:07'),
	(242, 18, 'eius', 'Provident iste ullam delectus sed. Culpa consequuntur sed sapiente totam itaque at velit. Voluptas quibusdam pariatur ullam nihil ipsam ullam quas distinctio. Sit natus maxime eos nam dicta sed.', 4, '2020-10-15 04:13:07', '2020-10-15 04:13:07'),
	(243, 15, 'quia', 'Atque et at fuga minima magni quis. Inventore asperiores corporis inventore molestiae. Repudiandae aut velit fugit alias. Pariatur at natus ab error.', 1, '2020-10-15 04:13:07', '2020-10-15 04:13:07'),
	(244, 44, 'voluptatem', 'Recusandae est et nesciunt. Qui totam soluta iusto cumque. Beatae quo reiciendis saepe rerum possimus consequatur recusandae aut. Qui iste voluptates autem autem tenetur aut voluptatum aliquid.', 3, '2020-10-15 04:13:07', '2020-10-15 04:13:07'),
	(245, 40, 'culpa', 'Sapiente consequatur cupiditate quod laboriosam incidunt tempora enim. Cupiditate sunt facilis et magni laborum. Sint quis et consequatur accusantium.', 5, '2020-10-15 04:13:07', '2020-10-15 04:13:07'),
	(246, 23, 'laborum', 'Voluptates voluptatem quis praesentium expedita ex similique. Cupiditate id exercitationem pariatur et omnis. Nam omnis inventore optio cum sit sunt explicabo. Qui soluta dolores incidunt praesentium a vel aut.', 3, '2020-10-15 04:13:07', '2020-10-15 04:13:07'),
	(247, 27, 'qui', 'Totam amet sit animi aut soluta. Ea voluptatum sequi aperiam eum.', 2, '2020-10-15 04:13:07', '2020-10-15 04:13:07'),
	(248, 15, 'soluta', 'Voluptatum in aut debitis non eos accusantium. Repudiandae aliquid eum minima soluta. Blanditiis et dolores et architecto id.', 5, '2020-10-15 04:13:07', '2020-10-15 04:13:07'),
	(249, 30, 'in', 'Consequatur repellendus vel temporibus ut omnis suscipit. Nisi necessitatibus dolore hic deserunt veniam molestias quia. Corrupti qui eveniet impedit tempora. Est earum occaecati sunt natus in.', 2, '2020-10-15 04:13:07', '2020-10-15 04:13:07'),
	(250, 33, 'animi', 'Molestiae molestiae temporibus voluptatum porro eligendi eius. Fugit nostrum facere dolore unde perferendis voluptatem. Voluptatem distinctio minus voluptatem eligendi id non voluptatem explicabo. Libero nesciunt rerum facere nam.', 0, '2020-10-15 04:13:07', '2020-10-15 04:13:07'),
	(251, 34, 'suscipit', 'Dolor deleniti nihil tenetur odio. Dolorem soluta earum odit minima temporibus et consectetur.', 2, '2020-10-15 04:13:07', '2020-10-15 04:13:07'),
	(252, 48, 'maiores', 'Atque omnis id eum odit. Id eos libero et dicta vero. Est est dolorem aperiam. Porro veritatis quidem error qui.', 3, '2020-10-15 04:13:07', '2020-10-15 04:13:07'),
	(253, 50, 'fugit', 'Incidunt et vitae eum est reprehenderit. Eos hic cumque sed molestiae rerum voluptas placeat.', 4, '2020-10-15 04:13:07', '2020-10-15 04:13:07'),
	(254, 18, 'amet', 'Velit qui adipisci dolore tempora cumque. Optio soluta voluptate possimus neque aut. Ab architecto praesentium nisi quia voluptatem laboriosam.', 5, '2020-10-15 04:13:07', '2020-10-15 04:13:07'),
	(255, 4, 'quo', 'Amet eos sint repellendus rem voluptate temporibus esse. Ratione voluptates ducimus atque qui repellat. Velit sunt ipsam eum. Ipsam et accusantium consequatur non odio aut aspernatur repudiandae.', 3, '2020-10-15 04:13:07', '2020-10-15 04:13:07'),
	(256, 48, 'ipsa', 'Delectus esse hic maxime. Eum iure accusamus et explicabo dolores. Ut minus assumenda possimus eius. Earum sint ab atque sequi.', 1, '2020-10-15 04:13:07', '2020-10-15 04:13:07'),
	(257, 17, 'natus', 'Explicabo voluptatem ipsa ratione praesentium. Libero quia voluptatem vel fugiat qui quibusdam in et. Rem et dolorum amet. Qui et corporis ut a.', 1, '2020-10-15 04:13:07', '2020-10-15 04:13:07'),
	(258, 36, 'modi', 'Autem velit et quisquam id rerum. Fugiat ipsum maxime distinctio hic. Distinctio consequatur assumenda doloribus iste quos et. Placeat culpa voluptas omnis sapiente a nesciunt.', 4, '2020-10-15 04:13:07', '2020-10-15 04:13:07'),
	(259, 13, 'vel', 'Et quod placeat minima et nobis quo cum. Sunt est ea qui perferendis qui aut. Molestiae ipsam laborum sequi aspernatur natus qui id. Excepturi id quia id quod sunt ipsam.', 5, '2020-10-15 04:13:07', '2020-10-15 04:13:07'),
	(260, 16, 'et', 'Ullam sequi quo nemo voluptatem nihil. Et ullam sed ducimus repellendus. Veniam enim eligendi necessitatibus fuga commodi.', 5, '2020-10-15 04:13:07', '2020-10-15 04:13:07'),
	(261, 21, 'nihil', 'Quia et aut deserunt. Omnis facilis atque et architecto. Et sint qui corrupti tempora. Consequatur quaerat quia et deserunt.', 0, '2020-10-15 04:13:07', '2020-10-15 04:13:07'),
	(262, 48, 'ut', 'Optio hic odit corporis sit ex deserunt repudiandae. Fugiat et fuga ut quas cumque natus sed. Laborum et voluptatum dolor quasi dicta.', 4, '2020-10-15 04:13:07', '2020-10-15 04:13:07'),
	(263, 41, 'assumenda', 'Omnis pariatur libero vel enim adipisci natus incidunt. Et qui perferendis necessitatibus. Aut aut velit qui rerum maiores.', 3, '2020-10-15 04:13:07', '2020-10-15 04:13:07'),
	(264, 38, 'magni', 'Laudantium magnam quidem quaerat voluptatem aut nisi. Ullam vero quidem perspiciatis eos quaerat et aliquid omnis. Explicabo iusto est quis quas sit. Soluta velit ut quas velit.', 3, '2020-10-15 04:13:07', '2020-10-15 04:13:07'),
	(265, 44, 'eligendi', 'Quibusdam temporibus occaecati ut quo. Alias fugiat minus neque deleniti. Rerum sit aut laudantium.', 5, '2020-10-15 04:13:07', '2020-10-15 04:13:07'),
	(266, 23, 'dolores', 'A nulla quae aut distinctio. Et error veritatis necessitatibus. Similique laudantium et praesentium quas dolorem illum fugit.', 2, '2020-10-15 04:13:07', '2020-10-15 04:13:07'),
	(267, 16, 'necessitatibus', 'Aut molestiae aliquam porro fugit eum laborum. Suscipit id omnis quasi quia. Voluptas dolor odit corrupti eveniet occaecati necessitatibus. Eos animi quia quod et.', 0, '2020-10-15 04:13:07', '2020-10-15 04:13:07'),
	(268, 4, 'porro', 'Omnis fugiat amet illum voluptas expedita exercitationem. Consequuntur in minus qui repellat expedita dolore magni. Autem fugiat sed at reprehenderit voluptas eaque dicta suscipit.', 5, '2020-10-15 04:13:07', '2020-10-15 04:13:07'),
	(269, 19, 'qui', 'Animi vel illo reprehenderit sed ipsam. Rerum corrupti officiis autem eligendi quod. Et nisi dicta eaque voluptates earum id harum. Maiores ut in accusamus qui.', 1, '2020-10-15 04:13:07', '2020-10-15 04:13:07'),
	(270, 13, 'qui', 'Placeat adipisci laudantium ipsa dolor accusantium. Nihil rerum est delectus dolor. Impedit tempore non iure cum laudantium.', 2, '2020-10-15 04:13:07', '2020-10-15 04:13:07'),
	(271, 12, 'occaecati', 'Ut delectus dolorem quisquam aut et unde. Aut cum nobis ipsam sit eos aspernatur ut. Modi aut perferendis alias molestiae voluptatem in sed. Debitis totam sunt quibusdam a.', 4, '2020-10-15 04:13:07', '2020-10-15 04:13:07'),
	(272, 15, 'enim', 'Suscipit sunt ut dolores accusamus. Perferendis tenetur ipsam quam et. Ut qui distinctio quo unde praesentium laborum. Officia natus nulla ut modi autem et beatae.', 1, '2020-10-15 04:13:07', '2020-10-15 04:13:07'),
	(273, 50, 'sit', 'Aut dolores et reiciendis autem. Perspiciatis aperiam quo omnis debitis harum nihil. Perspiciatis id impedit eveniet aut cupiditate sint reprehenderit id. Eum temporibus numquam qui velit ipsam at expedita.', 5, '2020-10-15 04:13:07', '2020-10-15 04:13:07'),
	(274, 14, 'necessitatibus', 'Fuga pariatur dolorum praesentium rerum quod occaecati. Non voluptas ut tempora aliquid quasi commodi natus nisi. Aut aperiam voluptatibus est quo debitis repellendus dolores.', 5, '2020-10-15 04:13:07', '2020-10-15 04:13:07'),
	(275, 44, 'inventore', 'Sint impedit aliquid amet. Sit quis assumenda dolore unde eveniet eveniet adipisci. Consequatur saepe accusantium iusto aliquam tempore facilis.', 4, '2020-10-15 04:13:07', '2020-10-15 04:13:07'),
	(276, 31, 'fugiat', 'Sed vero quibusdam ipsam. Repudiandae iste perferendis sed expedita aut molestiae consequatur. Dolor illum illo illo voluptatem.', 2, '2020-10-15 04:13:07', '2020-10-15 04:13:07'),
	(277, 32, 'accusamus', 'Qui molestiae tenetur aperiam et assumenda. Necessitatibus sapiente facere et. Qui occaecati doloremque voluptas soluta harum aspernatur voluptates.', 5, '2020-10-15 04:13:07', '2020-10-15 04:13:07'),
	(278, 35, 'consectetur', 'Accusamus distinctio veniam perspiciatis. Modi qui qui omnis fugit consectetur suscipit nihil. Explicabo necessitatibus id ut omnis.', 1, '2020-10-15 04:13:07', '2020-10-15 04:13:07'),
	(279, 13, 'id', 'In numquam consequatur recusandae laborum repudiandae. Omnis qui placeat consequatur repellat ratione voluptas voluptatem. Neque dicta consectetur dolores illo. Est saepe suscipit distinctio occaecati temporibus sint.', 1, '2020-10-15 04:13:07', '2020-10-15 04:13:07'),
	(280, 42, 'est', 'Veniam nihil ratione molestiae qui. Quo nihil ut cupiditate. Ut commodi quibusdam sint nam quae ut. Rem fugiat et est.', 0, '2020-10-15 04:13:07', '2020-10-15 04:13:07'),
	(281, 39, 'qui', 'Aut nostrum voluptatum est sed laudantium quibusdam consequatur ad. Vel officiis ipsa est non et at eos. Ad autem maxime eveniet et laborum provident ea.', 3, '2020-10-15 04:13:07', '2020-10-15 04:13:07'),
	(282, 34, 'voluptas', 'Omnis dolores repudiandae magni. Nam eaque maxime distinctio minus sed. Laudantium impedit explicabo labore consequatur odit totam natus. Ex aut ea corporis quis voluptatem qui quisquam.', 3, '2020-10-15 04:13:07', '2020-10-15 04:13:07'),
	(283, 6, 'sapiente', 'Non eos est id sit est. Et vel ipsum quia voluptate reprehenderit quae ullam. Asperiores non rem autem mollitia unde odit.', 3, '2020-10-15 04:13:07', '2020-10-15 04:13:07'),
	(284, 26, 'animi', 'Odit assumenda quia praesentium id. Et rem tenetur occaecati quisquam autem. Earum enim at sunt et eos ut reprehenderit voluptas.', 3, '2020-10-15 04:13:07', '2020-10-15 04:13:07'),
	(285, 32, 'tempore', 'Cumque et fugiat facilis quia. Perferendis cum aperiam assumenda. Aut beatae ea et quisquam veniam nam pariatur.', 1, '2020-10-15 04:13:07', '2020-10-15 04:13:07'),
	(286, 32, 'odit', 'Iure sint quia soluta accusamus mollitia voluptatum sequi. Animi minus possimus qui provident. Nobis voluptatem sed quasi laboriosam maiores. Aliquid et voluptas eaque.', 3, '2020-10-15 04:13:07', '2020-10-15 04:13:07'),
	(287, 15, 'odit', 'Ipsum quod cupiditate omnis. Ut animi at quos. Ad consequuntur qui error. Dolore rerum totam eius recusandae.', 5, '2020-10-15 04:13:07', '2020-10-15 04:13:07'),
	(288, 2, 'fugiat', 'Quisquam quis fugit inventore dolorem tempora ut totam. Neque nobis nesciunt qui delectus sint. Occaecati alias consequatur deleniti. Possimus ipsa ullam enim occaecati suscipit eligendi voluptatem.', 1, '2020-10-15 04:13:07', '2020-10-15 04:13:07'),
	(289, 46, 'beatae', 'Enim ducimus iste explicabo ex eum sunt excepturi in. Non sint ad tempore perferendis. Sed quo placeat consequatur veniam doloribus sit non. Quis doloribus ut sit quo nam fugiat.', 1, '2020-10-15 04:13:07', '2020-10-15 04:13:07'),
	(290, 7, 'dolor', 'Deserunt molestias placeat optio quos reprehenderit. Exercitationem deleniti ipsa nemo accusantium quod odio. Adipisci cumque voluptas velit.', 1, '2020-10-15 04:13:07', '2020-10-15 04:13:07'),
	(291, 12, 'beatae', 'Harum sunt perspiciatis nihil vel. Sed dolorem numquam aliquam. Est alias dolores expedita sit rerum. Voluptatem voluptate nemo sit dicta in.', 3, '2020-10-15 04:13:07', '2020-10-15 04:13:07'),
	(292, 36, 'ad', 'Optio officiis quasi sequi quia earum. Aut necessitatibus vero reiciendis architecto. Dolorem eaque nam est commodi. Neque saepe aut est eum ratione fuga sed.', 2, '2020-10-15 04:13:07', '2020-10-15 04:13:07'),
	(293, 12, 'totam', 'Sit molestiae qui illum hic blanditiis. Itaque alias eius perspiciatis voluptate nesciunt ut. Eius eum fugiat quia.', 5, '2020-10-15 04:13:07', '2020-10-15 04:13:07'),
	(294, 40, 'et', 'Assumenda voluptate ipsum fugit ea ullam non voluptas. Aut et eos sit ut voluptatem nulla facilis. Maxime ut dolorum qui repellat aspernatur quasi architecto ab. Odit omnis eum numquam voluptatibus.', 0, '2020-10-15 04:13:07', '2020-10-15 04:13:07'),
	(295, 31, 'est', 'Labore et quisquam non eum aspernatur ipsum. Tenetur iusto porro vitae suscipit commodi. Cupiditate quibusdam tempora amet quam sint consequatur adipisci reiciendis. Iure aliquid enim et id voluptate.', 5, '2020-10-15 04:13:07', '2020-10-15 04:13:07'),
	(296, 9, 'voluptates', 'Id sed qui soluta omnis perspiciatis. Aspernatur recusandae aliquid esse voluptas omnis illo labore. Enim et molestiae deserunt debitis repudiandae. Minima dolorem est ducimus illum.', 4, '2020-10-15 04:13:07', '2020-10-15 04:13:07'),
	(297, 12, 'enim', 'Porro veritatis libero voluptas et beatae a in. Deleniti et pariatur repudiandae dolor. In odio praesentium ut consequuntur dicta quo earum.', 0, '2020-10-15 04:13:07', '2020-10-15 04:13:07'),
	(298, 50, 'ipsa', 'Magni voluptatem reprehenderit et aut tenetur ad. Ea modi doloremque at omnis animi eum doloribus. Vel doloribus voluptas perspiciatis repellendus hic.', 0, '2020-10-15 04:13:07', '2020-10-15 04:13:07'),
	(299, 26, 'veniam', 'Voluptatem facere dicta illum earum culpa. Ab distinctio labore non optio quod voluptates nihil labore. Provident mollitia est veritatis aperiam minima corporis voluptas. Rerum et tenetur cum consequatur dolore.', 4, '2020-10-15 04:13:07', '2020-10-15 04:13:07'),
	(300, 9, 'qui', 'Dolorem ut repudiandae possimus non dolorum eius omnis temporibus. Nisi sit alias accusantium aut.', 1, '2020-10-15 04:13:07', '2020-10-15 04:13:07');
/*!40000 ALTER TABLE `reviews` ENABLE KEYS */;

-- Dumping structure for table api.users
CREATE TABLE IF NOT EXISTS `users` (
  `id` bigint(20) unsigned NOT NULL AUTO_INCREMENT,
  `name` varchar(255) COLLATE utf8mb4_unicode_ci NOT NULL,
  `email` varchar(255) COLLATE utf8mb4_unicode_ci NOT NULL,
  `email_verified_at` timestamp NULL DEFAULT NULL,
  `password` varchar(255) COLLATE utf8mb4_unicode_ci NOT NULL,
  `remember_token` varchar(100) COLLATE utf8mb4_unicode_ci DEFAULT NULL,
  `created_at` timestamp NULL DEFAULT NULL,
  `updated_at` timestamp NULL DEFAULT NULL,
  PRIMARY KEY (`id`),
  UNIQUE KEY `users_email_unique` (`email`)
) ENGINE=InnoDB DEFAULT CHARSET=utf8mb4 COLLATE=utf8mb4_unicode_ci;

-- Dumping data for table api.users: ~0 rows (approximately)
/*!40000 ALTER TABLE `users` DISABLE KEYS */;
/*!40000 ALTER TABLE `users` ENABLE KEYS */;

/*!40101 SET SQL_MODE=IFNULL(@OLD_SQL_MODE, '') */;
/*!40014 SET FOREIGN_KEY_CHECKS=IF(@OLD_FOREIGN_KEY_CHECKS IS NULL, 1, @OLD_FOREIGN_KEY_CHECKS) */;
/*!40101 SET CHARACTER_SET_CLIENT=@OLD_CHARACTER_SET_CLIENT */;
